layer,cumulative_top1_percent,cumulative_top2_percent,cumulative_top3_percent,cumulative_top4_percent,cumulative_top5_percent,cumulative_top6_percent,cumulative_top7_percent,cumulative_top8_percent,rank1_percent,rank2_percent,rank3_percent,rank4_percent,rank5_percent,rank6_percent,rank7_percent,rank8_percent
0,23.19276422911308,40.84873311596416,55.442556708698156,67.32026781412662,77.31081527139801,85.81472876893223,93.27654340194125,100.0,23.19276422911308,17.655968886851078,14.593823592733996,11.877711105428467,9.990547457271393,8.50391349753421,7.461814633009034,6.723456598058741
1,24.05225436421187,41.520046710610345,55.19434084623245,66.29884162543969,76.05823825790333,84.74745438482954,92.63002881631263,100.0,24.05225436421187,17.467792346398472,13.674294135622105,11.104500779207239,9.759396632463647,8.689216126926203,7.882574431483091,7.369971183687374
2,22.57779658005704,39.91597886232365,54.099733883276635,65.53707761064213,75.57264833871284,84.6811199028311,92.72106289223409,100.0,22.57779658005704,17.338182282266608,14.183755020952987,11.43734372736549,10.03557072807071,9.10847156411827,8.03994298940298,7.278937107765914
3,22.278675134013426,39.67414518022739,53.909401611681005,65.60393547578202,75.593278363747,84.44923127407108,92.48002354449186,100.0,22.278675134013426,17.395470046213962,14.23525643145362,11.69453386410102,9.98934288796498,8.855952910324072,8.030792270420772,7.519976455508148
4,22.13347004968921,38.68403751495592,52.641761586256195,64.77761384333388,74.98828730421545,84.1845721991923,92.47407489663257,100.0,22.13347004968921,16.550567465266713,13.957724071300277,12.135852257077683,10.21067346088157,9.196284894976847,8.289502697440277,7.525925103367426
5,21.85743048524632,38.89149697084224,52.82113689019714,64.61135457087514,74.87200968301764,83.97650999328403,92.35293306808151,100.0,21.85743048524632,17.034066485595925,13.929639919354898,11.790217680677994,10.260655112142503,9.104500310266383,8.37642307479749,7.64706693191849
6,22.467533278652642,38.65742676200931,52.292592389388936,63.78946609439271,73.94810548472392,83.17858660611209,91.80732582232186,100.0,22.467533278652642,16.18989348335667,13.635165627379624,11.496873705003773,10.158639390331214,9.230481121388168,8.62873921620977,8.192674177678139
7,21.49856266015011,38.38492412790222,52.11814752784616,63.82928351639593,74.22643031029158,83.5829714514238,92.08121985954286,100.0,21.49856266015011,16.886361467752103,13.733223399943945,11.71113598854977,10.39714679389565,9.356541141132224,8.498248408119057,7.918780140457137
8,21.720155771091378,38.57398368582983,52.757217169440295,64.67278257813473,74.93463965396833,84.02766093476441,92.30345645785744,100.0,21.720155771091378,16.85382791473845,14.183233483610469,11.915565408694428,10.261857075833603,9.093021280796087,8.275795523093022,7.696543542142564
9,22.831607422564606,39.85734172588624,53.42456211945097,65.22438019725479,75.18543210005862,84.13751732362779,92.3715476440377,100.0,22.831607422564606,17.025734303321634,13.567220393564728,11.799818077803826,9.961051902803831,8.952085223569162,8.234030320409925,7.62845235596229
10,21.01196952663909,37.229905616290665,51.35821599142291,63.26758796858866,73.73056183068796,83.17592152717467,91.8646545254458,100.0,21.01196952663909,16.217936089651577,14.12831037513224,11.909371977165751,10.4629738620993,9.44535969648671,8.688732998271131,8.135345474554201
11,21.33092992460398,37.88535447834609,51.80888515501684,63.78564241259167,74.1862442793706,83.46493912555833,91.98150150879184,100.0,21.33092992460398,16.554424553742113,13.923530676670747,11.976757257574832,10.400601866778924,9.27869484618774,8.516562383233506,8.01849849120816
12,20.784374209923843,37.17305281460699,50.80363046818236,62.994563492723046,73.89828382304093,83.41914542349117,91.94719543305284,100.0,20.784374209923843,16.388678604683147,13.63057765357537,12.190933024540684,10.903720330317878,9.520861600450248,8.528050009561671,8.052804566947158
13,21.813309888180743,38.635195716365615,52.389824061781894,64.40010688083834,74.78759455509761,83.98203889451821,92.2683849878944,100.0,21.813309888180743,16.821885828184875,13.75462834541628,12.010282819056439,10.387487674259276,9.194444339420604,8.286346093376174,7.731615012105609
14,22.52226354803523,39.193092695796935,52.679765595011276,64.25265707948253,74.57397958791174,83.7984467105633,92.2405845938315,100.0,22.52226354803523,16.670829147761705,13.48667289921434,11.57289148447126,10.321322508429198,9.224467122651559,8.442137883268208,7.759415406168502
15,21.809908813238902,38.915258491450984,52.26082322952824,64.14492817322933,74.63137231525609,83.93955049063034,92.32222617465636,100.0,21.809908813238902,17.105349678212082,13.34556473807726,11.88410494370109,10.486444142026752,9.308178175374259,8.382675684026019,7.677773825343637
16,22.148924957939645,39.086276488486575,53.197668641780496,64.85498850875237,74.95267282975927,84.00759481886125,92.29004219630896,100.0,22.148924957939645,16.93735153054693,14.111392153293917,11.657319866971882,10.097684321006895,9.054921989101983,8.28244737744771,7.709957803691037
17,21.199044073435203,37.56010106043542,51.63043311552102,64.0733614228054,74.64721004256279,83.8990433438494,92.27614483683494,100.0,21.199044073435203,16.361056987000218,14.070332055085604,12.442928307284385,10.573848619757387,9.251833301286606,8.377101492985538,7.7238551631650605
18,21.512667781938944,37.73206561325268,51.422412967592265,63.30559505111123,73.682967989383,83.07576553401942,91.84446264442381,100.0,21.512667781938944,16.219397831313735,13.690347354339588,11.883182083518962,10.377372938271767,9.392797544636434,8.76869711040439,8.15553735557618
19,21.391067975520826,37.95818160438622,51.50593279083936,63.355097536584935,73.87049685080301,83.3696549883951,92.08678718169652,100.0,21.391067975520826,16.567113628865396,13.547751186453139,11.849164745745577,10.515399314218076,9.49915813759208,8.717132193301435,7.913212818303473
20,20.521239832423458,37.01621629523527,50.7566744506797,62.9201249028545,73.65473241175357,83.3357746859305,92.00439822857858,100.0,20.521239832423458,16.49497646281181,13.74045815544443,12.163450452174807,10.734607508899074,9.681042274176932,8.668623542648069,7.995601771421423
21,20.90697643805663,37.10712834059497,50.75388347992167,62.70689530306517,73.37882979473505,83.06090800048379,91.8949920142616,100.0,20.90697643805663,16.200151902538337,13.6467551393267,11.9530118231435,10.671934491669887,9.682078205748734,8.83408401377781,8.1050079857384
22,19.577504549266997,35.78966522426663,49.755318917548266,61.83135636576333,72.61334034420496,82.47521229077137,91.54657542709252,100.0,19.577504549266997,16.21216067499963,13.965653693281643,12.076037448215054,10.781983978441634,9.861871946566403,9.071363136321153,8.453424572907487
23,19.681375305022488,35.807151733424305,49.754680892479165,62.10754114130448,72.91936370488057,82.66380188829075,91.63100105444782,100.0,19.681375305022488,16.12577642840182,13.947529159054856,12.352860248825316,10.81182256357609,9.744438183410187,8.96719916615707,8.368998945552175
24,20.014833562236802,36.06868211833723,49.565213417732856,61.68747379938097,72.66016304824748,82.51188179679112,91.61152191862399,100.0,20.014833562236802,16.053848556100426,13.496531299395626,12.12226038164811,10.97268924886652,9.851718748543625,9.099640121832886,8.388478081376006
25,19.56655260059808,35.72253161565273,49.71490922733198,62.379945936502956,73.44937569911761,83.18465222736381,92.02317563590464,100.0,19.56655260059808,16.155979015054648,13.992377611679252,12.665036709170979,11.069429762614647,9.735276528246207,8.838523408540834,7.976824364095359
26,20.354662754226858,36.63204805480904,50.65163061319237,63.051049555978786,74.02790949541333,83.54985580454635,92.147550954938,100.0,20.354662754226858,16.277385300582186,14.019582558383325,12.399418942786422,10.976859939434537,9.521946309133023,8.59769515039165,7.852449045062004
27,20.19841703761083,36.18767058624471,49.78808797146681,61.972622786079214,72.7700817032881,82.64804020377814,91.62500818134033,100.0,20.19841703761083,15.989253548633878,13.600417385222102,12.184534814612402,10.79745891720889,9.877958500490037,8.9769679775622,8.37499181865966
28,20.82609720804417,37.37368804735103,51.577243621762534,63.802159538979865,74.57735786742467,84.03201895926072,92.37883483271965,100.0,20.82609720804417,16.54759083930686,14.203555574411503,12.224915917217327,10.775198328444802,9.454661091836059,8.346815873458924,7.621165167280353
29,22.3597441382834,38.613907381387506,51.97361663690939,63.82881414650644,74.51783492631762,83.82600093375451,92.32993985030174,100.0,22.3597441382834,16.25416324310411,13.359709255521885,11.855197509597048,10.689020779811177,9.308166007436892,8.503938916547227,7.670060149698266
30,22.81138805340597,39.15450669871446,52.96180760278093,64.56872745606987,74.64842305344021,83.79976832129911,92.13795811780153,100.0,22.81138805340597,16.34311864530849,13.807300904066471,11.606919853288932,10.079695597370343,9.1513452678589,8.338189796502427,7.862041882198467
31,22.819242192397162,40.00034498168951,53.95456450621382,65.52699022818301,75.54917557963205,84.45025318309916,92.50696093458957,100.0,22.819242192397162,17.18110278929235,13.954219524524309,11.572425721969193,10.022185351449032,8.901077603467122,8.0567077514904,7.493039065410434
32,21.20992550811564,37.57155965255844,51.71657164693988,63.611182887033735,74.18026595558727,83.62077796561151,92.10806127434235,100.0,21.20992550811564,16.361634144442807,14.145011994381434,11.894611240093855,10.569083068553542,9.440512010024227,8.487283308730841,7.8919387256576545
33,21.92923937199992,38.37076101589634,51.91376505117172,63.58545661955207,73.91349192418039,83.29815988197015,91.94161634428225,100.0,21.92923937199992,16.441521643896422,13.54300403527538,11.67169156838035,10.328035304628314,9.38466795778976,8.643456462312106,8.05838365571775
34,19.82922412079794,36.31875233728243,50.58525716268525,62.75518317739485,73.49397133553526,83.03108808176745,91.87620001064946,100.0,19.82922412079794,16.489528216484494,14.266504825402816,12.169926014709597,10.738788158140423,9.537116746232188,8.845111928881998,8.123799989350545
35,19.632144041500318,36.0522215120288,50.27523832347994,63.0538942350669,73.75076385612512,83.32284412613772,92.07814100650009,100.0,19.632144041500318,16.420077470528486,14.223016811451139,12.778655911586956,10.696869621058225,9.572080270012606,8.755296880362362,7.921858993499908
36,20.82702801720998,37.21860336196408,51.37380502381244,63.537318450689106,74.30734183111062,83.9410618613851,92.31824672456872,100.0,20.82702801720998,16.391575344754102,14.155201661848354,12.163513426876671,10.770023380421511,9.633720030274473,8.37718486318363,7.68175327543128
37,21.823349717905813,38.25854154230492,52.003309614389934,64.34229476492222,75.25757545255767,84.76072336814823,92.81480931882618,100.0,21.823349717905813,16.435191824399105,13.744768072085018,12.338985150532277,10.915280687635464,9.50314791559055,8.054085950677948,7.185190681173825
38,22.30066892243963,38.46193502012152,52.43098631418929,64.53111902551639,75.11889651764811,84.42448320813654,92.66664977203992,100.0,22.30066892243963,16.161266097681896,13.969051294067764,12.100132711327106,10.58777749213171,9.305586690488433,8.242166563903385,7.333350227960079
39,21.45389608388512,38.019357465161896,52.00632709926022,64.21426066725412,74.82741391275539,84.11778545000188,92.45326145299258,100.0,21.45389608388512,16.565461381276776,13.986969634098323,12.207933567993901,10.613153245501273,9.29037153724649,8.335476002990694,7.5467385470074255
40,22.263102082483655,39.24488583814368,53.516498906896025,65.8155835396627,76.12495063939181,85.06998302790575,92.8929165308154,100.0,22.263102082483655,16.981783755660025,14.271613068752348,12.299084632766666,10.309367099729128,8.94503238851393,7.822933502909645,7.107083469184605
41,22.040444750811652,38.253657900410445,52.198563869202275,64.80748989657997,75.74083606195812,85.12650670468149,93.09841429062608,100.0,22.040444750811652,16.213213149598797,13.944905968791826,12.608926027377699,10.933346165378143,9.385670642723376,7.971907585944582,6.901585709373926
42,20.644879421373215,37.83127935622312,52.388256814295,64.78548823652312,75.4504415716103,84.6650974124696,92.73651993145457,100.0,20.644879421373215,17.186399934849902,14.556977458071879,12.397231422228128,10.66495333508718,9.214655840859297,8.07142251898496,7.2634800685454355
43,21.85108605510774,39.6373020258537,54.2945990185946,66.65706983998774,76.74598557928354,85.4627862361881,93.04370936783127,100.0,21.85108605510774,17.786215970745957,14.657296992740903,12.362470821393146,10.088915739295789,8.716800656904555,7.58092313164318,6.956290632168727
44,22.68452073859127,39.2977950950659,53.234765659084985,65.17310703270455,75.56305434920672,84.65602086573023,92.657761228373,100.0,22.68452073859127,16.61327435647463,13.93697056401908,11.938341373619565,10.38994731650218,9.092966516523504,8.001740362642773,7.342238771626997
45,21.082022452552494,37.88772300722428,52.12211616998087,64.36133654553151,74.91429703161074,84.15312240279185,92.44998181223517,100.0,21.082022452552494,16.805700554671784,14.234393162756593,12.23922037555064,10.552960486079233,9.238825371181115,8.296859409443314,7.550018187764829
46,23.11863474044582,39.67381641101042,53.745716572113025,65.49313714549103,75.87552803368132,84.90965357042221,92.79562549674475,100.0,23.11863474044582,16.5551816705646,14.071900161102601,11.747420573378008,10.382390888190285,9.03412553674089,7.885971926322544,7.20437450325525
47,22.54982816204436,39.89574504968424,54.13059370803338,66.42505098969228,76.84491690909499,85.7618327755158,93.47042710182563,100.0,22.54982816204436,17.345916887639873,14.234848658349147,12.2944572816589,10.419865919402715,8.916915866420805,7.708594326309837,6.529572898174363
