k,selected_score_share,all_sigmoid_score_share,renormalization_multiplier,cumulative_gate_share,cumulative_contribution_norm_share,reference_routed_cosine,reference_routed_relative_l2,reference_routed_norm_ratio,renormalized_routed_cosine,renormalized_routed_relative_l2,renormalized_routed_norm_ratio,reference_total_cosine,reference_total_relative_l2,renormalized_total_cosine,renormalized_total_relative_l2
1,0.08307889706731665,0.011895069475398985,12.988197435033237,0.08307889706239831,0.16293019826359095,0.5515827493811092,0.8054805553717166,0.41533293794267184,0.5515852881604997,4.585182010484801,5.022458212689898,0.8218407862776154,0.5083387155523845,0.6300643523562501,2.9166097016472965
2,0.15398502059812494,0.021977900737793515,6.8922255752584,0.15398502058433416,0.269377238344171,0.6889287479074042,0.6929040277859394,0.5501352345582277,0.688933162787815,3.0275293674843993,3.605317091153597,0.8764113868723096,0.43050055400531106,0.7480685751287875,1.9146656729489608
4,0.27458355213031477,0.03873123379542759,3.782498541267573,0.27458355206574114,0.4158929463347205,0.807423303951555,0.5542758714935762,0.6852603225364489,0.8074303301747938,1.8194300656717108,2.517371390173826,0.9257204542182936,0.3367373860445757,0.8556502718184272,1.141826642294014
8,0.47226604648702225,0.06500627641828943,2.1511215956721,0.472266046500669,0.6066157300426991,0.9006383465309719,0.39551076363273313,0.8138334325979325,0.9006475619168095,0.9352088252587086,1.7306607457132022,0.9638156639558555,0.23366926212532318,0.9379778939490304,0.5796650018986564
11,0.6008015250325975,0.08145371202061187,1.6775141563338893,0.6008015250174548,0.7124669383765817,0.9357074500578412,0.3129023854129352,0.871241436052915,0.9357162540685701,0.6179468866696598,1.4532858983578771,0.9773639400852528,0.1823707963843051,0.9651720423762603,0.37915542396850527
13,0.6807240335161198,0.09149155078216469,1.4758312491670726,0.680724033605494,0.7738986739246088,0.952485118238828,0.26464041349851375,0.9014933072780109,0.9524933806450048,0.469398355025773,1.3260098827747218,0.9836068549575301,0.1531389678046081,0.9766150611052664,0.28579431248352116
15,0.7570825486666364,0.10097019184111615,1.324174959192612,0.7570825486064927,0.8302207947057078,0.9660435188988228,0.21873802891233235,0.9276585715121626,0.9660506733927113,0.3499558282347821,1.2261415070755026,0.9885377493675154,0.12577616891877685,0.9848701588430846,0.21116591644080102
17,0.8303659591007349,0.1099769755348673,1.205690549567315,0.8303659591255362,0.8824853920669539,0.977280165195291,0.17293056874711368,0.9507758525762534,0.9772858923589177,0.2495582218167604,1.1453549722169685,0.9925311238450145,0.09887253378483658,0.990897440756007,0.14895447447716417
19,0.900772050733602,0.11855268941837621,1.110589901771411,0.9007720507570112,0.9313579396414327,0.9867880238098408,0.1239841003400381,0.9715287602482041,0.9867916906653975,0.16056275886955879,1.0786484600761923,0.995829564850976,0.0705142705262979,0.9953161437297062,0.09450891015904428
21,0.9680494102957767,0.12667380883359763,1.0330480943731544,0.9680494102781543,0.9772365699785606,0.9949573286700834,0.06263195931510095,0.9903582641155891,0.9949586257802481,0.07167627276397573,1.0230491860987792,0.9985745516702415,0.03547177491540997,0.998525655564362,0.04138659449891457
22,0.9999999999992026,0.13049774353441185,0.9999999999970405,0.9999999999976253,0.9992378324768075,0.9987125177719135,0.002994993995623565,0.9992366541940085,0.9987125204713295,0.002994994162259879,0.9992366620530215,0.9997778126613817,0.0026555101169371946,0.9997778136006612,0.0026555101750135902
