layer,token_count,selected_entropy,selected_effective_experts,selected_score_sum,all_sigmoid_score_sum,raw_top22_selection_overlap,actual_weight_sum,routed_output_norm,shared_output_norm,total_moe_output_norm,routed_to_shared_norm_ratio,contribution_coherence_ratio,routed_reconstruction_relative_l2,total_reconstruction_relative_l2
1,596134,3.0767976653227267,21.704503495559937,6.476864210502259,88.09857424745772,0.91860262188444,5.0,0.10147402090234374,0.06488795735051768,0.14755421860339782,2576929652.2015505,0.6613940770303488,0.0028935704715327727,0.0023896259247871304
3,596134,3.0780786220059846,21.718187146049456,6.27495022258276,112.12257312302062,0.8998803019216866,5.0,0.42307889474295457,0.4296612516646732,0.6762821920490768,1.1956735051205736,0.43396086550188007,0.002592198008546012,0.0024609998648449124
5,596134,3.041191635001791,20.947076055728708,5.049982261741622,59.88646145536157,0.9038961804929327,5.0,0.9215085627965358,0.3456460420358192,1.0529368135447474,3.8625950892838774,0.47764975774226465,0.0028808774145876177,0.0030509551669890738
8,596134,3.0019786716023034,20.17534741781127,5.7347746091005005,52.13901000752429,0.9019619732655334,5.0,1.2961732234303633,0.3727424148345344,1.4175192484071224,68821944.07845059,0.480126755294419,0.0030105970169956885,0.0032401474376298287
10,596134,2.995127562166883,20.050363207322377,5.244244986178565,45.57431120433314,0.9157249844770907,5.0,1.4140597021971646,0.6073242313355114,1.64570948588694,3.31088137200873,0.47232337298708665,0.003034072333079361,0.0030939119365867907
12,596134,3.013274880187891,20.409090155777562,5.553219811996188,48.06034776358154,0.9246419961553541,5.0,1.5298692512176337,0.8820006526556717,1.963102527120059,185805.62828045918,0.47044511569589664,0.0029991927669582442,0.002823330326483971
14,596134,3.049462121986864,21.11084124249174,8.129034770261079,79.80425671521324,0.8795194041058392,5.0,3.595855024628123,1.1506857326169455,3.9312004964537315,3.654591139001863,0.38412034063332,0.0028858710332444275,0.0031400246276474457
17,596134,3.05087622802364,21.14837210805011,7.393902134539297,71.77308003351884,0.8896579916813026,5.0000000000008,2.8786237832670567,1.6321892181864026,3.549745225845021,2.218696121218662,0.4226329318947767,0.002989651802827083,0.0029712588546659453
19,596134,3.049200090942557,21.109090988799522,8.37557975232437,81.37464556776115,0.875682255188899,5.0,5.075225460098871,2.0286016265522586,5.722331596327824,2.9546034158912113,0.37390879993786597,0.0029595722965169613,0.003141934735407006
21,596134,3.0760661992185354,21.676316672159153,10.823997613292793,124.49892488157671,0.8622553612331512,5.0,3.3635348351914036,2.061405553267814,4.4524737213464105,272797189.1465113,0.46408965589474693,0.002985378242563842,0.0028703620220481537
23,596134,3.074924417210147,21.650817217938492,11.187911587790571,137.69114678918694,0.8206982029207558,5.0,7.522493804352244,6.159178417452955,10.849537167189682,1.514492046216549,0.4527832767354475,0.002864536818715812,0.002646614959014026
26,596134,3.0486680248936318,21.094579381968696,10.06733657218416,93.99126220901522,0.8341410300391084,5.0,12.20767002063607,6.214095124266757,14.196045282916367,2.1147585251519727,0.3469416754512867,0.0029138543210352158,0.0030526841545831444
28,596134,3.04630069576177,21.046436451892784,9.723161489714201,84.38202497937036,0.8738449637842997,5.0,12.165932136644262,6.353905556760389,14.243114578163869,2.067909975853674,0.3668943876523728,0.0029675487929579254,0.003034294203980138
30,596134,3.0617339476041296,21.37026809699396,11.071262815854524,106.29150940082211,0.8529097635446559,5.0,14.789137406478716,7.315619686380988,17.22289364611169,2.234636952310272,0.33334969110888424,0.0029616351132570784,0.003075698195558278
32,596134,3.063653079139772,21.411119564583565,9.843607341310092,108.8260223157589,0.8009590480542471,5.0,16.328432145261555,9.22822248619306,19.59706812736113,1.9357781458374212,0.3496495851199541,0.002922042694313718,0.0030005797013322568
34,596134,3.0738403615264374,21.630921387721457,12.048975443723805,152.62262677926714,0.7835646965789674,5.0,16.938160526402005,25.307793690373796,33.46458869305688,0.8060560321354988,0.4027696018471985,0.002896773055598943,0.0023337320660686348
37,596134,3.0674999886933887,21.494043112446654,11.948266562354819,133.6291083096894,0.7848119772529366,5.0,27.430725562263206,27.35346737500576,40.44165870594438,1.0795596574904083,0.3284474018215963,0.002937880755479724,0.0026718235727018432
39,596134,3.0625178284696064,21.386114660871222,11.85674324114577,116.40593792867483,0.8176869786901472,5.0,37.83973209503441,19.146669867766082,44.10034613868844,2.052963489929299,0.3359024961397573,0.002867835892220532,0.003005598357707413
41,596134,3.067054363081775,21.48459805003656,12.362312109187041,149.6783048778494,0.7719073129751622,4.9999999999992,21.330340973281864,25.055755470845984,34.04783921273004,0.90477925169461,0.3464368348420627,0.0029825112297585258,0.0025626152220430964
43,596134,3.0633516403991945,21.404600724360087,11.41481931552146,125.3426325134065,0.7930228359001144,5.0,32.642770964917275,34.14287016959647,50.52935756064599,1.0010025888024408,0.35694086472937825,0.002876326371936807,0.00256790560783446
45,596134,3.0550330980032987,21.22903550759853,10.638072808224697,101.79623583824377,0.7883451216541817,5.0,53.059761085604066,42.12063076316575,72.02827984759583,1.3518697397129826,0.3525277627556502,0.0028156647430934412,0.0027137502929191395
48,596134,3.061368833098377,21.363265553499232,11.816438943377726,106.90103478362863,0.8293635797039398,5.0000000000008,66.43805066671351,83.47020623808928,116.18582986111905,1.0081348587655958,0.4091551955489809,0.0029472286857270217,0.002512873210531077
50,596134,3.0434328933403765,20.984925025198137,11.61219869287417,80.27869120901484,0.8514723231705207,5.0,90.4256466878648,64.14385422220266,116.04868577890737,1.5951186755343851,0.3521280085501636,0.002945616774968547,0.0028772091289752098
52,596134,3.0455880241384894,21.046733907649614,9.918155535905736,85.3966161860449,0.8606336280109782,5.0,41.63348017620458,66.35215450102278,83.34866889386888,0.683740938672357,0.3417734606983868,0.003058538466936391,0.0023586033906243006
54,596134,3.0427286775526325,20.984277686297443,9.838442970318138,80.70734869826977,0.8556772966959315,5.0,57.25176512730266,70.27341999818681,99.34694163532693,0.9789725943777475,0.34401075489680794,0.0030119228449060724,0.002534962514599589
56,596134,3.0365963765234714,20.857189486946286,10.375323225881901,74.0740392101451,0.8705241768019356,5.0,80.08285980518134,100.85215723130334,142.89845205773364,0.9323710536150366,0.35523587780839905,0.0030062881699312906,0.002492783972132776
59,596134,3.043992202184854,21.026704937206922,9.954600315003896,78.44619297882797,0.892462055798707,5.0,49.56082554009936,121.77329635132509,141.48049376233877,0.49410114373058633,0.3279626514637996,0.0031037948126851254,0.0021479786469971274
61,596134,3.0455247787145017,21.047161700191097,10.210180947454313,78.77248333516364,0.8690367153196157,5.0,63.80371856784159,100.71813262301185,130.26480496919532,0.6998121525104674,0.32584472882784327,0.003162477404367291,0.002370192707233882
63,596134,3.042608681444256,20.987207625350894,9.543622174099648,73.5959379925647,0.8657453543681122,5.000000000003199,62.1035910735015,117.33811836432216,145.47780522893288,0.552733461043937,0.3292451422657131,0.0031233741892718616,0.0022099760964449816
65,596134,3.025847147252625,20.6625673931209,7.710639279577889,64.28960608484495,0.8799740821329592,5.0000000000008,54.39764221707215,116.71086383778332,144.0401348354017,0.5079851287142876,0.37605999214756136,0.003055280151405349,0.0021297902093016558
67,596134,3.037682399339432,20.895564374489307,8.2795279512776,75.4637435711618,0.8650092449582678,5.0,48.28306065577386,127.55257986623953,150.5471726283459,0.4441516369954649,0.3531021297762332,0.003091705359645981,0.0020880772528693364
70,596134,3.042917102942748,20.999398469138644,8.640538297609167,77.52193416828423,0.8445362684722652,5.0,56.72809958835731,169.70635771324825,195.17327698089423,0.4213487253928294,0.3649728409426916,0.003056350360265523,0.0020343707058494186
72,596134,3.040098751491586,20.932009187752048,8.375270238500327,75.8738513761178,0.8309467370635555,4.9999999999992,88.63820591739731,128.13459980979152,174.92449916185655,0.8491055866283896,0.37144582111467445,0.00304013236968756,0.0023919351901073053
74,596134,3.0115488840589184,20.376264198265673,7.7330644085265465,67.53906275102233,0.8300091054392655,5.0,118.37031015412707,188.08732447008154,241.2172646194906,0.7127348555203804,0.34481184978404633,0.0032180955976112164,0.0023822019469343326
76,596134,3.023604649640874,20.605697048558415,7.8800317996027385,68.65556410821827,0.8282611003125572,5.0,122.78549693433186,224.6692990806444,280.06680457618177,0.7550866865330691,0.3290424747651466,0.003187009608861115,0.002246429016567797
79,596134,3.0319730225912447,20.766278856365755,9.065471755131957,76.58953597998861,0.8408345389939945,5.0000000000008,156.00878243671326,285.84514807383295,350.6824904762052,0.6773399560238057,0.3195918344012406,0.003195416535824921,0.0023384454979312147
81,596134,3.046758680295603,21.062156769958875,12.274587420112596,111.5198977326416,0.8587847442074666,5.0,211.02381491653952,196.86696143582378,299.2320625971625,1.1018632627975156,0.3170693589634054,0.003221428793981421,0.002788099406159393
83,596134,3.0371831364413078,20.86613062033125,10.932405856450858,92.80161828987744,0.8697665605864893,5.0000000000008,247.59697648485434,256.60284963821766,368.4242500714434,0.9941391641228857,0.31849619766047776,0.003232360962994073,0.002762760084417348
85,596134,2.9966651896350065,20.05715646760316,9.742917834184857,59.300187046081604,0.8799735404609246,5.0,362.71803865765264,254.4973562488161,452.12935874913956,1.4665159271157555,0.345414362684704,0.003177315418455459,0.0030681898449220965
87,596134,2.8859874173682027,18.07486843240286,8.31631744707451,35.466843502019834,0.8432748080930287,5.0,830.4454854202129,746.9182573572326,1170.3475835321053,1.1675747366686462,0.43457010283549724,0.002727832221208086,0.002637678714806782
