phase,token_layer_count,rank,gate_share,actual_gate_weight,expert_output_norm,weighted_contribution_norm,contribution_norm_share,projection_share_of_routed_output
prompt,388320,1,0.10158099866006715,0.5079049943207614,81.77308531528362,40.128124339499124,0.17505124244343168,0.2958628693098977
prompt,388320,2,0.08233295228742109,0.411664760581839,64.98722079188724,27.64451578919798,0.11369723135925489,0.1558621584527965
prompt,388320,3,0.0702797690290554,0.3513988452336893,55.4454001605612,20.869689135605622,0.08450095916161529,0.09880818241465028
prompt,388320,4,0.062128317308219605,0.31064158695491684,49.90792945053752,16.720971901368827,0.06822048714580141,0.07067042235783898
prompt,388320,5,0.056335066826526746,0.281675333548437,46.063574889907635,13.920535487937808,0.057560462076378105,0.05393554482165437
prompt,388320,6,0.051898568223042896,0.2594928416146827,43.20319012823631,11.875763902885108,0.050254696910893126,0.043293741759684874
prompt,388320,7,0.04841440687202405,0.24207203430209967,40.83598857118875,10.306592655118031,0.0444991174630965,0.035570160158632416
prompt,388320,8,0.04561390770613828,0.2280695385595482,39.00838940430312,9.129720769784225,0.04061582548229917,0.030721606690088173
prompt,388320,9,0.043278290286850526,0.21639145112081865,37.44982865756101,8.18591117286509,0.037041857775084314,0.026382590452808507
prompt,388320,10,0.041300550603269794,0.20650275337951488,36.15857401860223,7.440954047654685,0.034230786878469796,0.023174209600881658
prompt,388320,11,0.03959639072448912,0.19798195385667686,35.04486302524762,6.813047083990352,0.032110458855038694,0.020893655509849514
prompt,388320,12,0.03811238086519538,0.19056190424216937,34.078660834077816,6.30125450629282,0.030078022954214193,0.01874409334823876
prompt,388320,13,0.036777181857694165,0.18388590942722904,33.12163267906926,5.83435650965545,0.028507574266847337,0.0172479439450817
prompt,388320,14,0.03556548774389755,0.1778274390117396,32.44965349544111,5.462640816297115,0.027022386847895066,0.01582066390623477
prompt,388320,15,0.034461359130191764,0.17230679546922237,31.72895974344526,5.123574181032019,0.025740616496300866,0.014626245875545476
prompt,388320,16,0.03342293120865401,0.16711465613828258,31.051460733763847,4.806148311975756,0.024490985053130566,0.01345385091097624
prompt,388320,17,0.03243555449207206,0.1621777724970453,30.334540854491596,4.51070437569426,0.023557513100979602,0.012725568629592522
prompt,388320,18,0.03147227504464472,0.15736137487955137,29.880290563233874,4.264228260392023,0.022301162008639713,0.011589300113399738
prompt,388320,19,0.030504324104365224,0.1525216207417825,29.40679490512101,4.026248370921013,0.02142764974721651,0.010886530482337235
prompt,388320,20,0.02948065279845991,0.14740326405001317,28.95531202099195,3.7935217836625386,0.020517620654737553,0.010251128169211785
prompt,388320,21,0.028316482063651477,0.141582410363538,28.517610522353777,3.559673027533594,0.019470774426328753,0.009461765305197068
prompt,388320,22,0.026692152192311913,0.13346076087422168,28.67143751892749,3.3504742338454108,0.01837938595662944,0.008814683051063818
reasoning,23457040,1,0.0827726036812894,0.41386301839491113,77.47938178827518,37.44157886226632,0.16272954021483818,0.26942919094976897
reasoning,23457040,2,0.07071695788790176,0.35358478944811317,59.788113118050425,25.32605390926301,0.10632701664806035,0.14423292929727277
reasoning,23457040,3,0.06292513238880476,0.31462566195115865,50.77414074378522,18.859637441449436,0.08058356920069576,0.09476369889701312
reasoning,23457040,4,0.0574778976073975,0.2873894879914454,45.624810650024905,15.046474459487358,0.06582940579803195,0.06946146692181064
reasoning,23457040,5,0.05345042362645451,0.2672521181452158,42.14168082794964,12.486653080096389,0.05621190541760549,0.05428967099818136
reasoning,23457040,6,0.05035631918223535,0.25178159590189414,39.570888848140655,10.668246759169637,0.049426117671783905,0.044305414668485504
reasoning,23457040,7,0.04790015489249165,0.23950077443527815,37.56690397615272,9.32393017574298,0.04444018824293608,0.037409549062832094
reasoning,23457040,8,0.04589978603067224,0.2294989301761114,35.96579872159115,8.303052197071263,0.04060803120324975,0.032366073485437456
reasoning,23457040,9,0.04422867981807253,0.2211433991123234,34.621750241416514,7.4990582863305075,0.03755651225323463,0.028548185638307386
reasoning,23457040,10,0.04280600146305304,0.21403000734895855,33.52601394670468,6.862995115904858,0.03517626057667843,0.02567835317484221
reasoning,23457040,11,0.04157297906623463,0.20786489533353217,32.563998222586406,6.337728056711863,0.033159293887223724,0.023328791856075715
reasoning,23457040,12,0.040488172310643236,0.20244086154395674,31.742488650126244,5.9034428390405305,0.03147004816720891,0.021415056145874547
reasoning,23457040,13,0.03951765422654896,0.19758827113793212,31.046034163098106,5.538767982437646,0.03000880387672936,0.019811452177511756
reasoning,23457040,14,0.03863721090472185,0.1931860545318732,30.437867278503987,5.227412854437098,0.02874951067057993,0.018466118945902117
reasoning,23457040,15,0.03782612177758703,0.18913060888971606,29.8699308577032,4.9519048533854875,0.027631529507817422,0.017309030934446124
reasoning,23457040,16,0.03706600339193387,0.18533001696607515,29.394917884660604,4.713175006965496,0.026622768292202736,0.01627875940732312
reasoning,23457040,17,0.036340323144736175,0.1817016157061159,28.969840383448474,4.498470557562735,0.02571162446133025,0.015379062160628412
reasoning,23457040,18,0.03563083215785143,0.17815416079295804,28.580052393483964,4.30090716858193,0.02487559268550155,0.014581401063947827
reasoning,23457040,19,0.03491480561576291,0.1745740280843357,28.269210827447576,4.121082683492916,0.024082107041989674,0.013829981618556692
reasoning,23457040,20,0.03415540475734097,0.17077702378330847,27.98909085253703,3.947261930061877,0.023335520886408154,0.013157099861739772
reasoning,23457040,21,0.0332788954438195,0.1663944772172137,27.80818316277384,3.7774511795954764,0.022640619393109376,0.012564180602832228
reasoning,23457040,22,0.03203764062619823,0.16018820310537554,28.08998585689755,3.624848005916576,0.022061221057292496,0.012104882660570328
final,0,1,0.0,0.0,0.0,0.0,0.0,0.0
final,0,2,0.0,0.0,0.0,0.0,0.0,0.0
final,0,3,0.0,0.0,0.0,0.0,0.0,0.0
final,0,4,0.0,0.0,0.0,0.0,0.0,0.0
final,0,5,0.0,0.0,0.0,0.0,0.0,0.0
final,0,6,0.0,0.0,0.0,0.0,0.0,0.0
final,0,7,0.0,0.0,0.0,0.0,0.0,0.0
final,0,8,0.0,0.0,0.0,0.0,0.0,0.0
final,0,9,0.0,0.0,0.0,0.0,0.0,0.0
final,0,10,0.0,0.0,0.0,0.0,0.0,0.0
final,0,11,0.0,0.0,0.0,0.0,0.0,0.0
final,0,12,0.0,0.0,0.0,0.0,0.0,0.0
final,0,13,0.0,0.0,0.0,0.0,0.0,0.0
final,0,14,0.0,0.0,0.0,0.0,0.0,0.0
final,0,15,0.0,0.0,0.0,0.0,0.0,0.0
final,0,16,0.0,0.0,0.0,0.0,0.0,0.0
final,0,17,0.0,0.0,0.0,0.0,0.0,0.0
final,0,18,0.0,0.0,0.0,0.0,0.0,0.0
final,0,19,0.0,0.0,0.0,0.0,0.0,0.0
final,0,20,0.0,0.0,0.0,0.0,0.0,0.0
final,0,21,0.0,0.0,0.0,0.0,0.0,0.0
final,0,22,0.0,0.0,0.0,0.0,0.0,0.0
