rank,gate_share,actual_gate_weight,expert_output_norm,weighted_contribution_norm,contribution_norm_share,projection_share_of_routed_output
1,0.08307889706239831,0.4153944853172611,77.54930444633561,37.48532906522904,0.16293019826359095,0.26985966153108143
2,0.07090612353460289,0.35453061766755073,59.87278021856408,25.363809896893994,0.10644704007302232,0.14442231047103876
3,0.06304490212598392,0.31522451063837803,50.85021187278988,18.892370991032024,0.08064736361896516,0.09482956302485891
4,0.05755362936310273,0.2877681467774522,45.69456093656346,15.073743531819728,0.06586834438855715,0.06948115467552535
5,0.05349739983681376,0.2674869991872877,42.205548595185675,12.510003753628387,0.05623386656735264,0.05428390407845908
6,0.05038143459871581,0.25190717299258136,39.630040617419326,10.687911090395822,0.04943961102605203,0.04428893964676448
7,0.04790852944958335,0.23954264722023438,37.62014078742101,9.339932764673947,0.044441147901115814,0.03737959474470568
8,0.04589513052238958,0.22947565263479752,36.01534709552682,8.316514436272346,0.04060815813253245,0.03233929346005852
9,0.0442132027918182,0.2210660139755898,34.66780529827275,7.510243636977305,0.03754813114148142,0.02851291907397651
10,0.04278148530234626,0.2139074265507901,33.5688850011622,6.872407136204702,0.0351608636044168,0.025637573373965213
11,0.04154079046497776,0.20770395233102384,32.6043989303203,6.345468593431492,0.033142213682953454,0.023289135833018546
12,0.04044948271509524,0.20224741356500275,31.780533048804735,5.909921173887537,0.03144737913513264,0.02137155970574624
13,0.03947302582797273,0.19736512914722615,31.07983513803503,5.543581620683796,0.02998435645877847,0.019769705627372975
14,0.03858718811044191,0.1929359405650982,30.470629074667308,5.231243525148275,0.028721384581360684,0.018423037897807075
15,0.03777132685600746,0.18885663427882965,29.900205011539054,4.954700476236713,0.027600736123249855,0.01726534196962981
16,0.037006676219259134,0.1850333811041444,29.421894567720276,4.714689070657618,0.026588052353026453,0.016232755972386454
17,0.03627673426357848,0.18138367130121086,28.9920644340359,4.498669784425187,0.025676544910279174,0.015335850206270337
18,0.03556311034957508,0.17781555174591937,28.601226680057003,4.300309855157922,0.02483366826412821,0.01453267491172715
19,0.03484298123649139,0.17421490619147018,28.287736303642617,4.1195383134243615,0.024038879392807348,0.01378204772511928
20,0.03407927675253531,0.17039638376027533,28.00482569588326,3.944758282658366,0.023289631580565746,0.013109776318390354
21,0.03319808289312675,0.16599041446451804,27.819736137116525,3.773904677801892,0.02258899869216377,0.01251365798927648
22,0.03195058972536693,0.15975294860021388,28.099454756062812,3.620379848456564,0.02200126263325153,0.012051301992785755
