layer,token_count,gate_rank1_share,gate_rank2_share,gate_rank3_share,gate_rank4_share,gate_rank5_share,gate_rank6_share,gate_rank7_share,gate_rank8_share,contribution_rank1_norm_share,contribution_rank2_norm_share,contribution_rank3_norm_share,contribution_rank4_norm_share,contribution_rank5_norm_share,contribution_rank6_norm_share,contribution_rank7_norm_share,contribution_rank8_norm_share,expert_rank1_output_norm,expert_rank2_output_norm,expert_rank3_output_norm,expert_rank4_output_norm,expert_rank5_output_norm,expert_rank6_output_norm,expert_rank7_output_norm,expert_rank8_output_norm,k1_gate_share,k1_contribution_norm_share,k1_counterfactual_cosine,k1_counterfactual_relative_l2,k1_counterfactual_norm_ratio,k2_gate_share,k2_contribution_norm_share,k2_counterfactual_cosine,k2_counterfactual_relative_l2,k2_counterfactual_norm_ratio,k3_gate_share,k3_contribution_norm_share,k3_counterfactual_cosine,k3_counterfactual_relative_l2,k3_counterfactual_norm_ratio,k4_gate_share,k4_contribution_norm_share,k4_counterfactual_cosine,k4_counterfactual_relative_l2,k4_counterfactual_norm_ratio,k5_gate_share,k5_contribution_norm_share,k5_counterfactual_cosine,k5_counterfactual_relative_l2,k5_counterfactual_norm_ratio,k6_gate_share,k6_contribution_norm_share,k6_counterfactual_cosine,k6_counterfactual_relative_l2,k6_counterfactual_norm_ratio,k7_gate_share,k7_contribution_norm_share,k7_counterfactual_cosine,k7_counterfactual_relative_l2,k7_counterfactual_norm_ratio,k8_gate_share,k8_contribution_norm_share,k8_counterfactual_cosine,k8_counterfactual_relative_l2,k8_counterfactual_norm_ratio,moe_output_norm,residual_norm,moe_to_residual_norm_ratio,coherence_ratio,bottom4_contribution_norm_share,bottom4_projection_share,bottom4_top4_inversion_fraction,bottom4_any_exceeds_top4,gate_contribution_top4_overlap
0,326567,0.2303279714375228,0.17324384477381363,0.14352442326392822,0.12034006496106657,0.10133080911373088,0.08595115187527559,0.07630308805433686,0.06897764885165697,0.2870018690115514,0.20162136067239278,0.15342140119946104,0.11744213066676534,0.08687636874737954,0.0629085839411987,0.049393767301876335,0.041334518622387004,1.014147946126442,0.9422310767564664,0.852877409032008,0.7848496743872398,0.6741940298942138,0.5821169656121447,0.5154495253158451,0.48315377504766666,0.2303281147436856,0.28700186890057994,0.778940730660178,1.2273154676959102,1.7971705238146438,0.403572136349096,0.4886232303413772,0.9047387976329673,0.749613053999439,1.5046839929700007,0.5470967138907623,0.6420446305236606,0.9533810031734644,0.5108829008440992,1.3563556607552998,0.6674369019381845,0.7594867614799921,0.9772593263937058,0.3544112903097661,1.256397213342578,0.7687678147613363,0.8463631300396509,0.9888727493314051,0.2422984890437893,1.1782058995474287,0.8547190511523466,0.909271714963075,0.994671480148859,0.15443042954147737,1.1097082162262069,0.9310222497992565,0.9586654798063764,0.9979202739628072,0.08221267646566154,1.050946416518352,1.0,1.0,0.999998521548845,0.0017600443085034566,1.000003379462732,0.5514745219953833,1.3532599507569598,0.41282228830818424,0.6875855683394814,0.24051323875490974,0.17837513466287738,0.08179944697412782,0.5070046881650626,0.8583942958106606
1,326567,0.22489890450313413,0.16842195697255463,0.13657562846741633,0.11473220114837653,0.1006991820519411,0.09104088511842516,0.08450805012531407,0.07912224926637375,0.3190508637829548,0.19970517466151183,0.13528451842565548,0.0970345189753666,0.07729012194075568,0.06445695363851438,0.05691924532627849,0.05025860336326523,1.3276425652416548,1.0857102969669277,0.9221970043028123,0.7916257356857566,0.717672805741861,0.6617667291881968,0.6307224914723009,0.5966273945208805,0.22489900187130127,0.31905086384136083,0.7484113537500511,1.8647118344894642,2.470678938412101,0.3933211571770899,0.5187560381080843,0.885795597874336,1.1043339267793288,1.8835255327448923,0.5298969614273494,0.6540405569580962,0.9381930608524264,0.7306433155276547,1.5822154449604795,0.6446292848005926,0.7510750762440187,0.9629984352981704,0.4997544054500028,1.3863012878442313,0.745328542076597,0.8283651973176271,0.9779238440200528,0.3408772696594308,1.2511235126115057,0.8363695030104468,0.8928221510192018,0.9876520964545843,0.22021722828951262,1.1485502622786403,0.9208776616651404,0.9497413982886675,0.9948135945174117,0.11944087145739678,1.0671560855681699,1.0,1.0,0.9999984075395185,0.0017761413005382286,1.0000026131812851,0.5363418910383561,2.1603035358046196,0.25084294156490544,0.572119741177693,0.24892492453570203,0.13893275876842573,0.09522452513573018,0.5551112022953942,0.8403061240113054
2,326567,0.22301702852132946,0.17034641460443034,0.13807426212260807,0.11663744253787316,0.10098824056874241,0.09048936311308246,0.08296163939224187,0.07748166406845686,0.31838627322644175,0.1974511464628372,0.13555050429450904,0.10001229589900162,0.07936715010315513,0.06374742422608086,0.05624986192039319,0.04923534361022956,1.871698810680234,1.5300896247691098,1.3040773939575239,1.1398110468324008,1.0349491920479135,0.9255886027520248,0.8784011031435206,0.8307577915434211,0.22301791738063448,0.3183862728117588,0.7619972166881779,1.7955295820069486,2.4181600999840476,0.3933649942402382,0.5158374209490243,0.8859968396110004,1.061041021694416,1.8336424393093127,0.5314397529854167,0.6513879241108211,0.937053315599714,0.7019327972398045,1.5441617841176558,0.648077651079476,0.7514002197088491,0.9628075102582416,0.48073202786444463,1.3618125200754185,0.7490662716058125,0.8307673693044192,0.9785716642544355,0.3267290328041322,1.2362386790314714,0.8395559846134385,0.8945147958327021,0.9881621633697107,0.21026098429013226,1.1389410294644147,0.9225179920272695,0.9507646552681919,0.9951207322255518,0.1139264088245811,1.0634670939108477,1.0,1.0,0.9999984276574801,0.0017715429087654436,1.0000051474735276,0.7796410921789422,2.789349350739163,0.2812976012548831,0.5858685091872206,0.24859977987245258,0.1476726301755838,0.09767195552520616,0.5384989910186884,0.8400014392146176
3,326567,0.21322637396192817,0.16307611930395408,0.1367328810851793,0.11835703980490604,0.10481907631189101,0.0946068116082898,0.08717308031233828,0.08200621520741724,0.27571699380390596,0.1848045458267022,0.13780382542305333,0.10843020242158602,0.08921995218763541,0.07657745910825686,0.06675733244584059,0.06068968855350216,1.690859511633579,1.4676134398522296,1.3003356422961394,1.1856050518170584,1.1002246488121037,1.042591700566904,0.987363957095588,0.952740894579543,0.21322690813429135,0.27571699355275997,0.6705866305630762,2.166583940443855,2.699891091412252,0.376303409173756,0.4605215399779416,0.8210106766085522,1.2853066222602945,1.9728033209667504,0.5130365914811676,0.5983253651967563,0.8917603852532644,0.8592992387214524,1.626562958791735,0.6313939047774818,0.7067555673468454,0.9319281871130889,0.596303187107438,1.4131128858541584,0.736213219962789,0.7959755175337089,0.9577237083429849,0.41328153128065703,1.2653479809384576,0.8308202472952597,0.8725529782797989,0.9760402791391682,0.27359856291814866,1.1560044677079246,0.9179935713163044,0.9393103115074591,0.9893528627189287,0.1569276495085128,1.0697481191975213,1.0,1.0,0.9999984057793064,0.0017755146056205168,1.0000044918481703,0.6322974687697772,4.128651756351895,0.1524576883973006,0.47482881854236497,0.29324443267907224,0.16679930525010803,0.09161136918304666,0.5608833715592819,0.8400274675640833
4,326567,0.21188595582989095,0.16396623786954515,0.1367559459587351,0.1183440035760512,0.10484105081470647,0.09460578590472055,0.08740236543032326,0.08219537939202082,0.2764141252708101,0.18077087424428534,0.136509901587295,0.1077235743986172,0.092291886325799,0.07722347550147035,0.06785419474174324,0.061211968055370214,2.0428510617848743,1.7255069334106097,1.559253901091263,1.4243844604196654,1.3678733152075016,1.2672542295299491,1.2078515318259637,1.1606392568776622,0.21188663625244658,0.2764141254226658,0.669639256679584,2.15654806229898,2.6849823262976686,0.3758534879718791,0.4571849992378493,0.8196474949146257,1.27079078835447,1.9523707104614392,0.5126099288031936,0.5936949013632099,0.8901881092111962,0.8510127017548442,1.6117408196894805,0.630954314610294,0.7014184754006223,0.9300862544022429,0.592024447819984,1.4005528136336711,0.735795663430155,0.7937103614161392,0.9574916205854616,0.41109751437482317,1.2597279129143615,0.8304017104164596,0.8709338368029876,0.9758974604952144,0.2730489268297062,1.1527790322411078,0.9178043597446878,0.9387880303467682,0.9893960872574592,0.15650337734471573,1.0688476304476702,1.0,1.0,0.9999984052529219,0.0017741651848254382,1.0000051309855016,0.7616766023915191,4.560063415022856,0.16623009032279754,0.47851802128825327,0.2985815239576413,0.17546834040461698,0.1053962509990293,0.5755725471342787,0.8299254058125898
5,326567,0.2134756289004247,0.1670480150799836,0.13947273417954814,0.11888867198265402,0.10389602122348744,0.09317065242115324,0.08493050654971836,0.07911453667827448,0.28174790462721305,0.18961469397712793,0.14167500503052244,0.10651943995892178,0.08684801933317635,0.07321971982458611,0.06306592205267832,0.0573092947888938,2.475880042436193,2.1078679589306755,1.8751064049210064,1.6506018731666268,1.5260998702575421,1.4240560908568813,1.3432167675127284,1.3000161029094115,0.21347625622093588,0.28174790479659056,0.6877256450715804,2.1090716593658323,2.660392824022806,0.3805247862945632,0.47136259932620317,0.8335810415610455,1.2445883958563613,1.9491463336348196,0.519997984731338,0.6130376036339509,0.9031858019010571,0.8247546423839003,1.6125942882424453,0.6388870497654908,0.7195570445175132,0.939976097301303,0.5662640727062365,1.4004965624886814,0.7427834140551253,0.806405062710768,0.9630696771382631,0.38985569490288363,1.2566555596095317,0.8359543743995093,0.8796247832070235,0.9791163423673926,0.2561985901620149,1.1504520580371986,0.9208851903807944,0.9426907041812433,0.9906591362473337,0.14569541789447601,1.066898111023558,1.0,1.0,0.9999984124200736,0.0017746391686573539,1.000004961337848,0.9345794551126135,5.058604450798969,0.18457154889406183,0.49330724398346676,0.28044295656044327,0.1576945318259461,0.08606178058407617,0.5478967562552248,0.8475044937179813
6,326567,0.23543948293918246,0.1601055165483844,0.13153075031789035,0.11280524093435937,0.10074094246631912,0.09211614859834706,0.08587348660279227,0.08138596040967234,0.30947346351949395,0.1707306603760694,0.124395048249592,0.09975369946034776,0.08541855711920991,0.07688897131897789,0.06858700688957466,0.06475259308571639,2.3641097703765444,1.862422364371212,1.6378193172995008,1.5320119104496144,1.4652008332395998,1.435728867418943,1.3764886958625513,1.3650579045015685,0.23544009203810326,0.30947346379400237,0.7049378656307436,2.1794129987864785,2.765885967744817,0.39554597030770733,0.48020412460483175,0.8328004191782229,1.278640357262539,1.9908958970782185,0.5270770319608364,0.6045991725813755,0.8931847061136527,0.8538030821749509,1.627922131415274,0.639882538935818,0.7043528713439535,0.9291147823546806,0.5966217384489885,1.409081262697434,0.7406237030012359,0.789771430411735,0.953816198632683,0.4191482315071011,1.260734503869617,0.8327400790597282,0.8666603988703683,0.9728855101800646,0.282486275295338,1.1531090779259197,0.9186138158389662,0.9352474062148712,0.9875043753584851,0.16651495620193785,1.0680951790451207,1.0,1.0,0.9999984065239835,0.0017794383342923947,1.0000042863961522,0.8743163426709335,5.708365012243594,0.1512337619040996,0.47236326845549914,0.29564712900210227,0.16146192251488825,0.08982766170494876,0.5435331800212514,0.8450448146934626
7,326567,0.2116929142316125,0.16524774009693072,0.13645729726308078,0.11716725655885699,0.10408182832217432,0.09473984580978023,0.08795228346554364,0.08266090303097737,0.25898198141127404,0.17785420709290206,0.13835300771351391,0.10922033044662846,0.09242326913638799,0.08145551323268661,0.07356837098253453,0.0681433206459771,2.26363528970419,1.9752463316307587,1.8429354980828017,1.6728570726166503,1.5799313682782044,1.519481512190363,1.4754460412396544,1.4474601516785193,0.2116928697780429,0.25898198138207107,0.6379777079670474,2.191166518599061,2.686163832359,0.3769405986606483,0.43683618758537607,0.7852418319415188,1.2985834099676263,1.932457521141528,0.513397925700225,0.5751891956109972,0.8634174360303193,0.882278880438358,1.5991013465353614,0.6305651962225068,0.6844095252748023,0.9098009232542542,0.6240360775161288,1.3929920442816885,0.7346470114858199,0.7768327954531905,0.94211652587744,0.44196441097647515,1.2516329667822617,0.8293868250109296,0.8582883062632127,0.9661322324299851,0.30097378022635696,1.1473340866879032,0.9173391154107308,0.9318566792305488,0.9846189363002186,0.17903591258385812,1.065701114495373,1.0,1.0,0.9999984075475494,0.0017753870484091036,1.00000191099317,0.8465459308099139,6.236024256690594,0.13413785094929268,0.44941599071974037,0.31559047324606476,0.1958752188271246,0.09465190144748245,0.4929708145648519,0.8515159216944762
8,326567,0.21046961171061374,0.16645017493299613,0.1390107384525036,0.1188186265961981,0.10451441431692234,0.09391154831215723,0.08615873648487524,0.08066357858023296,0.2572220007129292,0.18692115242214818,0.14121638794597008,0.11144805873328877,0.09087024558166405,0.07825931201319399,0.07034015336191662,0.06372268917203447,2.551616315227798,2.3463805493003767,2.1261287642303093,1.9493689937962022,1.8031317509568356,1.7135567424773832,1.6557262820455345,1.599278359520804,0.21047009535590888,0.25722200159486047,0.6407173795529557,2.1454500104015137,2.638394615639934,0.3769206657936403,0.44414315299344276,0.8028659012421423,1.2791725359018293,1.9356169192738208,0.5159317767434611,0.5853595408087293,0.8801506935557055,0.8558005871208111,1.5975528123016511,0.634750739021092,0.6968076005874863,0.9243753476080053,0.5972728024863865,1.3926784836704627,0.7392654096047503,0.7876778444102158,0.9522049673002221,0.41731048840373763,1.2489591871480146,0.8331771908387479,0.8659371575711798,0.9721790925627677,0.2811028447989588,1.1446871991102294,0.9193361846299865,0.9362773117944942,0.9877066258908993,0.16398921604772562,1.0648706131333165,1.0,1.0,0.9999984061151412,0.0017739098073914722,1.000004993577254,0.970628469394576,7.14455214848828,0.13532648790318771,0.45827837579629616,0.30319240039519546,0.18057427672949225,0.08350736602289882,0.5355072619095009,0.8496725021205449
9,326567,0.2119807960301791,0.16471999093983777,0.13603673525037072,0.11734546956362515,0.10432405285515683,0.09502697963719448,0.08805644433583881,0.08250917254106738,0.2562869046868483,0.18722744492767535,0.1386286995041114,0.11045850246790886,0.09114488428647906,0.07947927100582446,0.07180288089898393,0.06497141207505844,2.631689575100765,2.4500688970582307,2.2013111262561273,2.017146585320314,1.8687997206388443,1.777953930835795,1.7226857332012584,1.6641172650470235,0.21198087714686473,0.2562869046284423,0.6361267637439829,2.1735184036048967,2.6606200794986643,0.3767009293164954,0.44351434988136623,0.800850043687273,1.3012534495519112,1.9573819511061221,0.51273770993157,0.582143049306812,0.8776456963024628,0.87478941102953,1.614455410074824,0.6300832347451218,0.6926015500939957,0.9220626733842209,0.6131180833527541,1.4052027833327536,0.7344073139348335,0.7837464356369348,0.9503022257974281,0.43064515057756386,1.258717995732022,0.8294343042756654,0.8632257085242095,0.9708647399308202,0.2907678157136497,1.1507556642348842,0.9174908006279264,0.9350285891083484,0.9871595155049956,0.1694604211307326,1.0676780993146016,1.0,1.0,0.9999984079176977,0.0017735078924460933,1.0000022871740832,0.9907205305883384,7.671553437795891,0.12858356454656428,0.45381063877233585,0.30739844800762534,0.18186319071862816,0.09488137196961113,0.5609139931468887,0.8393637446527052
10,326567,0.20501936085761116,0.16248196406432294,0.13854633471438288,0.12043091822466753,0.1065256706181513,0.09609204159052737,0.08845610128374785,0.08244409400452998,0.24393265074579895,0.1802204486134592,0.14375000283888048,0.11541665024345432,0.09562591860910577,0.08293436038869624,0.0727071168147519,0.06541285097352446,2.8573971148413935,2.6446277845450017,2.4590111165777833,2.271030896813143,2.12115792472054,2.0281962855164237,1.9349220783526713,1.8600688928742555,0.2050200409306431,0.24393265126561273,0.6256413724787953,2.1485105831037474,2.6231326402737083,0.3675025492396339,0.4241531000199765,0.7847443964524523,1.2891122570704898,1.9160644686189552,0.506049346768614,0.5679031017729609,0.868157052409568,0.87319245509117,1.590876680773929,0.6264807145482469,0.6833197526597943,0.9168769740905618,0.6124844224260809,1.3887146327355306,0.7330067675193701,0.7789456713281274,0.94838370292407,0.43018507290899527,1.24924586085262,0.8290991554022483,0.8618800304899318,0.9706873151929938,0.2901567461105392,1.1468624785074009,0.9175556069952225,0.9345871496744176,0.9871377910859062,0.16968092001125437,1.0658818402682964,1.0,1.0,0.9999984064385646,0.001774443505222642,1.0000056660943692,1.0888549978287783,8.406518135953549,0.1282543218505763,0.45128487411441576,0.3166802466112253,0.20017224693761793,0.08379080709318455,0.5225175844466832,0.8534274743008327
11,326567,0.21139178500793865,0.16296005556239224,0.13623438017935446,0.11848235581131705,0.10558797420937453,0.09550305262240884,0.08779454976888357,0.08204458751058837,0.2442075872540851,0.1761480296112255,0.14052579506700172,0.11441751142057122,0.09757023292670576,0.08386633593557458,0.07521467714291777,0.06804983037909117,2.799341235786225,2.6093023447059176,2.4774349161728098,2.312224866260711,2.2064151267727476,2.09103877923597,2.0353198084525057,1.966597543942573,0.21139197265742968,0.24420758749939048,0.6191586877675593,2.1487880370596084,2.6100964766204577,0.3743522307281754,0.4203556164962574,0.7780052631705668,1.2875531612924196,1.901131722737909,0.5105867693196857,0.5608814127906987,0.8607944925685863,0.877885913975326,1.5794896207932796,0.6290692789309065,0.675298923254871,0.9105356548400393,0.6215864495649618,1.3809161732913429,0.7346573737794234,0.7728691565971721,0.9438889187681908,0.44084951367833347,1.2450447103939948,0.8301605633099781,0.8567354913454613,0.9676042577235474,0.2998746895823903,1.1428092062089459,0.9179552752315596,0.9319501698263338,0.9858480599485877,0.17691350113971863,1.0640593695929017,1.0,1.0,0.9999984077797134,0.0017749755089235012,1.0000031327110708,1.0694715404752007,9.040722228269205,0.11751404335556799,0.44264064803348324,0.3247010762202048,0.20661778044666967,0.10959140850116515,0.6097982956024338,0.8211515554235425
12,326567,0.2028178361704872,0.15958320840483156,0.13618674028558841,0.11970860237069461,0.10770095982050583,0.0981995547890297,0.09084530729612435,0.08495663545102823,0.2355097804594166,0.1720345691830448,0.13867808161090625,0.11525383722654846,0.10030633327062734,0.08809085594680452,0.07858429991097296,0.07154224258971205,2.8570631841822447,2.6500242109438035,2.500425068252129,2.364790426252631,2.2738800056012067,2.178755382663508,2.093494362376089,2.030422957674529,0.20281803503284346,0.2355097803367639,0.5985247935885845,2.2218440647293045,2.6637032144364263,0.3624014349919751,0.4075443491443674,0.7570919521327302,1.3433194490046727,1.9311132598728624,0.4985883371207093,0.5462224319704844,0.8436176635959505,0.9207379148176744,1.5957820452226927,0.6182970810450205,0.6614762682619886,0.8971685134605291,0.6562879638770114,1.3901508876808353,0.7259981478500659,0.7617826015299693,0.9346019475616807,0.4681160407794274,1.250422348215528,0.8241978063762593,0.8498734584750609,0.962056299342375,0.3203726047187779,1.1468131740151193,0.9150432543630509,0.9284577566481803,0.9831092934928131,0.19008958927401973,1.0655166928581192,1.0,1.0,0.999998405996869,0.0017738290290844577,1.0000032187066688,1.0734174605365605,9.458006115021803,0.11380788052868755,0.43259225973977683,0.33852373192491075,0.22565661816515553,0.12704284266322072,0.6489816791041348,0.8042147553182042
13,326567,0.2114774447127236,0.16402685904376055,0.13804870999265656,0.1206823112915956,0.10620127653862951,0.09448454729427652,0.08579724101768359,0.07928044086641294,0.25694441526316286,0.18058337130715058,0.14125728832880588,0.11442181889126647,0.09468692950055999,0.0801513760641052,0.06980536250394591,0.06214943841231746,3.603895804846619,3.2570530069794366,3.002033873705645,2.789120508578451,2.6146804834001562,2.4740081641672487,2.3632298405159555,2.271025463360265,0.21147749977100544,0.25694441513466953,0.6381780176462022,2.1532955886495104,2.644718472510739,0.3755045334353289,0.43752778648891,0.7939948940939132,1.2806120245590453,1.9222684875584441,0.5135534517134267,0.5787850751495351,0.8741354966268255,0.8659651460026347,1.5952044917957262,0.6342359251394684,0.6932068926118613,0.92161222590228,0.6019952638002655,1.3890603189586044,0.740437342107398,0.7878938219485193,0.9522578150214006,0.41743990004522785,1.2473161031103235,0.8349220210978111,0.8680451990246005,0.9731962523536477,0.2783531461507884,1.1438197761138624,0.9207194282996697,0.9378505614295299,0.9883666747044195,0.1613716345810843,1.064242844688677,1.0,1.0,0.9999984062231924,0.0017764362088677184,1.0000028578865447,1.3547561927065825,9.924127014153335,0.1362596080300104,0.45497359896198103,0.30679310626491746,0.18619333446757202,0.09110400775338598,0.5209956915426237,0.8472855493665925
14,326567,0.21078603079536512,0.16266365339678573,0.13630525689406767,0.11800082312262875,0.10519512563056548,0.0957170415247388,0.08850221570511373,0.08282791067280987,0.24337362963009546,0.17831855566761007,0.13791622107856435,0.11397896926742246,0.09685723035072502,0.0844078635236178,0.07569889929693302,0.06944863120684282,3.2168614944854794,2.98823158058384,2.7419704808811742,2.6010558903174426,2.4723649661516243,2.362457568045786,2.2803748279263583,2.2285928830830715,0.21078625907721038,0.24337362957753003,0.6105914162645197,2.1936525796479205,2.64798690649346,0.3734502152213563,0.4216921851487701,0.7702175720879983,1.3265816728358837,1.9348321606691945,0.5097557192087606,0.5596084064531104,0.852542460635144,0.902557913765643,1.5951755411772741,0.6277568037721706,0.6735873758861687,0.9042289129067318,0.6401266544856434,1.3917404263897266,0.7329521649864318,0.770444605316451,0.9391793883011428,0.45459605718784263,1.2514242394540451,0.8286694169393836,0.8548524705927976,0.9644981673549334,0.3103704469850292,1.1467814602491049,0.9171718740855892,0.9305513689382597,0.9840737357437443,0.18457260290521507,1.0652491108143425,1.0,1.0,0.9999984082805452,0.0017741764508150332,1.000003934880841,1.2015980696009922,10.675183875711294,0.11367528335580009,0.43534853350776803,0.32641262448032926,0.20702613783256052,0.10523529627917089,0.6032697731246575,0.8250114065413835
15,326567,0.22131812250625446,0.16029512630101078,0.1347457041471151,0.11684615415048348,0.10392034168679877,0.09432052555627463,0.08709077844106741,0.08146052745182267,0.24661679508253373,0.17762422851448995,0.13928105983151617,0.11384515901114636,0.09588775084540543,0.08375531042241302,0.07456182787370232,0.06842786800839931,3.2504353937776687,3.1735211199882,2.9443709237040525,2.760202769875534,2.6091298609908575,2.496584015288688,2.403856089436325,2.3444425586349222,0.22131861987076412,0.24661679497740285,0.603266112010463,2.1277304911546517,2.5704689203958933,0.3816141743105218,0.42424102398469377,0.7674547659888187,1.3119478626592487,1.9160023391656185,0.5163602735559026,0.5635220835970047,0.8521788492841925,0.8988791854029512,1.5916083448086156,0.633206746136864,0.6773672415594889,0.9047568779471622,0.6376346883069223,1.391211384432388,0.7371273714959743,0.773254994532882,0.9395798317331491,0.452517445739456,1.2512113998103487,0.8314481589639288,0.8570103025570881,0.9649521737025292,0.3084575278667152,1.147352305149182,0.9185392171451209,0.9315721307583206,0.9842424404103975,0.18357587166138598,1.0657450697314685,1.0,1.0,0.9999984070255454,0.0017769946218934086,1.0000049492280851,1.2597804600137945,11.28332445075226,0.11266956184367302,0.43224613489023855,0.32263275774292394,0.2002566574165333,0.10078923314358156,0.575048917986202,0.8372179369011565
16,326567,0.21459521873574183,0.16652380729155503,0.13790058105299793,0.11822027434502339,0.10375980001447827,0.09330597950372742,0.08569967395604788,0.07999235614600143,0.2520482733210043,0.1830208962196847,0.1410484542188283,0.11276530191773335,0.09403741229821129,0.0803246889437526,0.07164426358669516,0.06511071040412945,3.4642619793705207,3.20827966403576,2.9683269220009616,2.7606516261030785,2.6079995378127245,2.479117713187891,2.387442359074742,2.3186148756442178,0.2145956544147089,0.25204827323339524,0.6298177348213013,2.2007163399830034,2.6861882922959426,0.38111983877440153,0.43506916849339566,0.7873058232307717,1.3168944969904752,1.9531831863430842,0.5190206912300614,0.5761176223667157,0.8683615709099681,0.8891597230888809,1.6121981340524256,0.6372412558231867,0.6888829255567882,0.9162393636800766,0.6222416000118394,1.4009710613273592,0.7410013146158607,0.7829203372429224,0.9476463900642212,0.43664597304547254,1.2567199882123807,0.8343075142862787,0.863245026143418,0.9695387955748505,0.29528326217873707,1.1493241495970579,0.9200074298907599,0.934889288599865,0.98647980822993,0.17387442815264634,1.0666147758434288,1.0,1.0,0.9999984044914532,0.0017766289959559483,1.0000043329180257,1.2852441355021476,11.651105085977072,0.1108587436824968,0.4352844135469092,0.3111170749371079,0.18099466705289266,0.07270789761365967,0.5074946335667719,0.8605232616890255
17,326567,0.21705059458989273,0.1639315650518787,0.1384378643191424,0.11924427638269865,0.10468205853790148,0.09331856792176739,0.08479067257649751,0.07854298354943721,0.2447661080205476,0.18001310221710493,0.14379009549944777,0.11637556001606922,0.09674431079875533,0.08150577525545236,0.07170681133371,0.06509823645709752,3.4319258336298946,3.3120183226278614,3.108198334132162,2.881843998763417,2.703328198429643,2.5415995087338414,2.4291658787261174,2.3698213917716413,0.21705100398522775,0.2447661084352305,0.6168920770482125,2.0872674502242456,2.5447388030154348,0.3809827486108669,0.42477921028602,0.7770127894633688,1.2640630928850016,1.8746102455236768,0.5194208004634183,0.568569306232274,0.8619860215639675,0.8579310381049695,1.560634634942296,0.6386652532674112,0.6849448658851306,0.9131084770571914,0.603613651909206,1.369051485958149,0.7433474412571971,0.7816891755937919,0.9464575881535907,0.4242679216026175,1.2366110015948597,0.8366660976027936,0.8631949511681047,0.9691455363008069,0.28756343493149006,1.1376127803556029,0.9214569035246684,0.9349017637021502,0.9863643759000401,0.16978503067827003,1.0611565886443948,1.0,1.0,0.999998407137247,0.0017766229933604083,1.0000033853018762,1.3420746960407628,11.833517359378668,0.11415025005042939,0.44253201885666865,0.3150551344371977,0.1990094702471669,0.09702086401871592,0.5373598679597142,0.8443849194805354
18,326567,0.22491858724626188,0.15847290223345248,0.13335767602520596,0.1160712399632962,0.10377070596467379,0.09431265971071787,0.08725598923266034,0.08183627175077683,0.27603884876976637,0.16617760209008525,0.1315719772447161,0.10697125145395425,0.09344268932573949,0.082172494532461,0.0746927076196256,0.06893242928853557,3.771890752439276,3.2157558769439114,3.008919782735825,2.82687872852569,2.748599629939394,2.662133884888711,2.614343516882488,2.5703112159927843,0.2249194203047982,0.2760388481740247,0.6546699017460698,2.171250668385968,2.686025081739033,0.3833929194666297,0.44221645080418337,0.7939854494359072,1.3025698342279337,1.9483550452885827,0.5167511239245274,0.5737884280023571,0.8682469402044821,0.883107148874594,1.6038352067092072,0.6328228615956513,0.6807596789808497,0.9133930772465109,0.6227560821697697,1.3918365215197819,0.7365939861761491,0.7742023680527966,0.9449318074651333,0.44096422238217,1.2496500158134571,0.8309070171791946,0.8563748621041378,0.9680066254353684,0.3002318543958854,1.1448666319573344,0.9181633868213658,0.9310675698568197,0.9858824215080383,0.17814488207652873,1.0643712071499236,1.0,1.0,0.9999984067685588,0.0017771013938484743,1.0000059304043472,1.3998415819121302,12.524836361333218,0.11303969786257506,0.44741270623161256,0.3192403209465078,0.1937584111175869,0.08209781606837188,0.5248846331686913,0.8547250640756721
19,326567,0.20853898041979135,0.16257185741292177,0.1373550054370064,0.1192110127860439,0.10585618933815649,0.09586954278752044,0.08824542573288942,0.08234949770787847,0.231050902551889,0.17502260841853703,0.14049805762182876,0.11667095918546351,0.09843243686499964,0.08718649512460254,0.07875882269526008,0.07237971738866653,3.2865688846229766,3.1697996474993158,2.99963631724109,2.833426490789322,2.686120844115259,2.605151161611661,2.547203087946365,2.5006119834945157,0.208539455169116,0.23105090239419268,0.5935863519573693,2.1414410942148727,2.575152603787582,0.37111167455513355,0.40607351116280094,0.7529574903068283,1.3122869301664057,1.8914174264712182,0.5084670223753013,0.5465715688320847,0.8410786193939798,0.8998860165946739,1.5681865353453708,0.6276783337133263,0.6632425259125578,0.8964263466219005,0.6427675994053821,1.3737169443412414,0.733534778780883,0.761674964810179,0.9338663356026237,0.4590646808907373,1.2368198545165112,0.8294045736751688,0.8488614597006099,0.9616487851258366,0.3161137040098058,1.1376667299272294,0.9176502663098045,0.9276202823339048,0.9830116162021819,0.19041721707950668,1.0612343979710033,1.0,1.0,0.9999984063385443,0.001777310770933735,1.0000044331172433,1.2744268718593408,12.90731843091904,0.10009211038410586,0.427572614850584,0.33675747206075246,0.22428143208405366,0.08073955727308638,0.5107650191231815,0.8563411183616225
20,326567,0.20465680305457992,0.16385995344896684,0.13873790803145872,0.12007724000920465,0.10666444001274049,0.09622376600145414,0.08806390722642195,0.08171387810242137,0.226948438265976,0.17589263076125772,0.14149554351106958,0.11959060962426919,0.10105948347675303,0.08759601711458463,0.07741195816274692,0.07000531930628978,3.6286510905901697,3.497447962611508,3.3201961934615962,3.20875769668098,3.0550273128777805,2.934371454054054,2.8316098511046177,2.7525594729216842,0.2046571928806051,0.22694843820172933,0.5896363689281604,2.122766480972991,2.5470293513501296,0.36851745554868676,0.4028410694041352,0.7555206702995024,1.2916614231740906,1.8693855576605918,0.5072556567514698,0.5443366121972667,0.8447646700733996,0.8855044960060497,1.5551777697304674,0.6273331695738423,0.6639272208045407,0.9015130795539087,0.6314184919038046,1.3688869398127268,0.7339978303212722,0.764986706771764,0.9388811068860509,0.44900204095009716,1.2372505456016534,0.8302217921654902,0.852582723113381,0.9652381797771452,0.30666677513154156,1.1388569733574136,0.9182859304776124,0.929994680155462,0.9847100071861968,0.18280586144599623,1.0618663009736047,1.0,1.0,0.9999984047425992,0.0017744425598218724,1.0000039674480508,1.4141478225690416,13.382627131297074,0.1068134663886316,0.4321604394767289,0.3360727787617944,0.22311536461278147,0.0924014061433029,0.5497064920827885,0.8465766596134944
21,326567,0.19702103207860103,0.15987285546764954,0.13853583358815438,0.12143817875410377,0.10832580598739835,0.098658517326711,0.09113373596215517,0.0850114068628504,0.22675604622539708,0.17280788351937848,0.14177221867782921,0.11941935053290169,0.09947570084385865,0.08817527008412844,0.07935553479385994,0.07223799527140433,3.901013532535983,3.6665561027379554,3.4854881949634815,3.3118369381252992,3.1054498365666725,3.0057746024070844,2.9199777389873907,2.8450389480575633,0.1970215389116429,0.22675604630716553,0.5927649899784374,2.214708499838185,2.650921030315005,0.3568947662151612,0.399563930058343,0.7542690122161518,1.3412554743837746,1.9240508086668948,0.4954309456886492,0.541336147523243,0.8420825765513471,0.9168383502493541,1.5879734980677724,0.6168694412013579,0.6607554986393838,0.8983706069534257,0.6522964380517864,1.3881796576090486,0.7251955183176398,0.7602312001800995,0.9351612195481317,0.4644499460395929,1.2466398299083705,0.8238543000360974,0.8484064688067234,0.9623300882985792,0.3184010069072114,1.143624840658747,0.9149883277225672,0.927762006690263,0.983397633245134,0.18984896106726862,1.064066634774648,1.0,1.0,0.9999984064349143,0.0017741739504603066,1.0000044366807421,1.475770255478208,13.811974786903393,0.10839784290640257,0.4313266192806989,0.3392445007966329,0.22786419346812742,0.09155070016260063,0.5376170892956116,0.8457873881929282
22,326567,0.19012784357325602,0.15830745632249182,0.13808339664087405,0.12258015071969343,0.11040898919072312,0.10065603615276737,0.09301764634325853,0.0868162249950216,0.22351369044206504,0.16861187683316278,0.1416625125938711,0.11855008592116571,0.10197616697944546,0.09043531875547463,0.08103363939332348,0.07421670960623354,4.6133504130054765,4.231273740034567,4.0601726732864165,3.8511409684119284,3.6815039086508388,3.5666489191665085,3.449626858404579,3.3721636655159695,0.19012819298102165,0.22351368975287375,0.5867873119572079,2.253981928871271,2.680965207931351,0.34843597102462437,0.39212556760011147,0.7468052797821811,1.354259104923293,1.923037829027924,0.48651966670699515,0.533788078753726,0.8378692828192608,0.9276213257315848,1.5880800655138152,0.6091001296792673,0.6523381662515811,0.8947191869546325,0.6597402514230173,1.384204791252014,0.719509372255118,0.7543143335520773,0.9335710355305804,0.4694522086379901,1.2444395926218534,0.8201656423927157,0.8447496503212902,0.9618490572090213,0.32129445515479643,1.1422921381898874,0.9131835540257137,0.9257832900384022,0.9830684139693305,0.19193538033900595,1.0631270506504298,1.0,1.0,0.9999984064560865,0.0017736005802144583,1.0000042209448798,1.7317080135215388,14.78635015908399,0.11821620878294209,0.4359605285247008,0.3476618352855929,0.24283452472217124,0.10380660783238968,0.5972955013825647,0.8285015019888721
23,326567,0.19050211772201417,0.1585572932655282,0.1387188233662139,0.12276051007646402,0.11035477268303671,0.10045455960044665,0.09255361360032455,0.08609561011192765,0.20878035487873195,0.1698349704704234,0.14595008668934523,0.12176698055811153,0.10449966469988121,0.09219725495923882,0.08227073822956799,0.07469994907314108,4.545166058611848,4.438759551793701,4.3348666000530915,4.101102169721279,3.9070963198562314,3.773532089766856,3.6401615196731045,3.5513103992901245,0.19050260651817477,0.20878035552703902,0.5597705959851395,2.159554210464343,2.5460618442895333,0.34906027481876273,0.3786153254878697,0.7295526552897248,1.3303325131113044,1.8691616402054572,0.4877794446386741,0.5245654127811699,0.828168561868474,0.9224093270311237,1.5631097184161686,0.6105402958451247,0.646332392232487,0.8889102365222379,0.6602446979662155,1.370198797101962,0.7208953604620078,0.7508320563988654,0.9299289220412489,0.4727969297719404,1.2364236923073417,0.8213502052372613,0.8430293109229792,0.9598981926725608,0.32498231491796664,1.13806926116064,0.9139041227950463,0.9253000503819944,0.9824147680124821,0.19443952572660142,1.0614421721797607,1.0,1.0,0.9999984072547892,0.0017738250606262448,1.0000047974052262,1.7823187046097575,15.552413013338882,0.1157256549825355,0.4291483237991041,0.3536676076817292,0.2536577446233079,0.1138219722139714,0.6276016866370454,0.8165567862031375
24,326567,0.19516986141530682,0.15763799560142425,0.13684723208120386,0.12177269249830433,0.1101367123655186,0.10016891349176624,0.09229094302731618,0.08597158034676364,0.21273676371709246,0.17031903427151018,0.14330740700280084,0.12150231033210714,0.10459866658874183,0.09137719077928858,0.0814519116983144,0.07470671614757145,4.752349525682504,4.699881140400864,4.558425853605089,4.332483090989537,4.1318739550915895,3.9527222852153776,3.796043192538642,3.7203189132907655,0.19517051882515132,0.2127367633608156,0.5641423197544609,2.1624278892818207,2.5564019999759777,0.35280913762617533,0.38305579825106484,0.7294118430744154,1.3404707891356784,1.8814238877811544,0.4896569024825603,0.5263632051408864,0.8258560115202569,0.9302425067880422,1.5690279643481668,0.6114301147344183,0.647865516003941,0.8874303058006133,0.6669749110164972,1.3760864934668453,0.7215672927391965,0.7524641810667337,0.9294016519239521,0.47618067343514553,1.2404794342673717,0.8217366397060143,0.8438413711105625,0.9592715467928025,0.32737000085247114,1.1399073991169637,0.9140280299002187,0.9252932829343585,0.9818620061643831,0.19672294270075413,1.061975556610354,1.0,1.0,0.9999984055398417,0.0017728513393095852,1.0000062231076932,1.859582149878818,16.330151841673523,0.11511391867717904,0.42528508062180764,0.3521344849539181,0.25027492351421915,0.10629078412699385,0.5980426681201714,0.8274335741210839
25,326567,0.19717663400140706,0.15940446012035814,0.1392479645495794,0.12362341011760221,0.11030369309384636,0.09849806966475773,0.08944175681036069,0.08230010245552598,0.22558666463589155,0.17880050282073037,0.144648084758735,0.11915610869312201,0.10100677136044432,0.08662515263853378,0.07618677291235769,0.06798994206328192,5.512849220904538,5.396548876765179,5.025330756101463,4.683014513854043,4.446652927745672,4.242197244002849,4.084186286017355,3.9439233756871883,0.19717730154269236,0.22558666473518182,0.5857160793805825,2.1498223278474575,2.568075786784449,0.35658234063157124,0.4043871675053545,0.7586992287277555,1.3240312782662937,1.9094975827945744,0.4958308297944522,0.5490352515215114,0.8508609211277266,0.8993739264518646,1.5827584224172202,0.6194547469225047,0.6681913615960275,0.9063359940151359,0.6311296191160307,1.3802099709974154,0.7297588830459012,0.7691981333728888,0.9427978868940677,0.4420965375626549,1.2413938520875796,0.8282573573769296,0.8558232853635718,0.9678573073128953,0.2981041584890341,1.1399474495571713,0.9176995344691468,0.9320100594728883,0.9861513767173162,0.17490267270163304,1.062145800047733,1.0,1.0,0.9999984072985937,0.0017743023186074045,1.0000060226749445,2.13745462051823,17.2880084288258,0.12505305894590382,0.4420115555702026,0.33180863937533794,0.2228216512838156,0.08947761868161817,0.5570005542507357,0.8421288740136021
26,326567,0.19346066846064514,0.15711331047208535,0.1373531267248566,0.12237181253196128,0.11042400767396124,0.1005280973879403,0.09255470023307813,0.08619029070018078,0.2250571054711376,0.17105704052315904,0.1387787362206834,0.11824731339911275,0.10262207692956156,0.09023668899902981,0.08043198772152241,0.07356905075655494,5.339394761252064,4.9545032364714094,4.593759851621824,4.374657996083753,4.190748728034872,4.026376550163953,3.884561376064662,3.7899604095287596,0.19346137766442126,0.22505710583325508,0.5922297029541935,2.2308003373210843,2.6644663652931455,0.3505753005424871,0.39611414622281027,0.7534770269872587,1.3535360414135604,1.9360841186186621,0.48792894160994255,0.5348928812820347,0.8392750910351611,0.9254183726188121,1.5920775546062778,0.610301253815825,0.6531401948500688,0.8947261579203163,0.6581378839420766,1.3857212763711915,0.7207257015618004,0.7557622730417484,0.9333494784761059,0.4682428119424731,1.2454356672755305,0.8212542116935672,0.8459989621973795,0.9616214267225606,0.3201466286588727,1.1425666552518885,0.9138093283325306,0.9264309497474253,0.9829803449400635,0.19129902815019864,1.0630326340370502,1.0,1.0,0.9999984194434003,0.0017702887935201182,1.0000064363196841,1.9957337556411276,18.67623958656507,0.1083694822475759,0.4350565713629992,0.34685980405189765,0.24040843876334486,0.10489386557735472,0.6105424001812798,0.8226657929307003
27,326567,0.20357857927603676,0.15940179418819492,0.13608106291406127,0.12008992411970591,0.1079313633441319,0.09822449127256046,0.09049229033052081,0.08419834184820803,0.22518699875185788,0.176799077029914,0.141777147139737,0.11769861514389891,0.10047026911369046,0.08855975346674619,0.07839950695629554,0.07110863254154803,5.290677063547625,5.256401514687757,4.92631305113475,4.614212939207054,4.373342511555829,4.20895568506378,4.034981268157719,3.9291524805228892,0.2035789096494554,0.22518699900300387,0.5776857579634933,2.194409865965517,2.606143208391855,0.362981030828629,0.40198607607234194,0.7487437433489569,1.3515389915296254,1.9259123236449522,0.49906239940889247,0.543763222082652,0.8396918962412154,0.9290814650843322,1.597703730813226,0.6191526176150725,0.6614618393979782,0.8964769092993561,0.6602900025892519,1.39365097732076,0.7270842235428644,0.7619321081331244,0.9347590776588965,0.46876531340163324,1.2515359282558933,0.8253089238338619,0.8504918604863686,0.962646458068188,0.3195568225819957,1.1472362774061848,0.9158014533539216,0.9288913670608345,0.9835618399287921,0.18986867945341435,1.065513868027935,1.0,1.0,0.9999984098830611,0.001772664134127976,1.000004103586697,2.0275267067932465,20.142518262987537,0.10198392688173281,0.4253633145034048,0.33853816256336977,0.22388485339325348,0.10126960929916372,0.5994420746738035,0.8313194535883908
28,326567,0.20692188846871393,0.16385284155534124,0.1384847640915283,0.12043253303495148,0.10665722196029069,0.09559722260166942,0.08724624841294053,0.08080672702632136,0.23669267384496875,0.18449420374254633,0.14364339140094953,0.11467976527284911,0.09704207781749655,0.08306010688205087,0.07373806065496971,0.0666497203534147,5.361378975462283,5.210410488505393,4.812519014577993,4.434665167932584,4.20971487234915,4.004816420989769,3.8749038324347698,3.7623464699953666,0.2069219757539903,0.23669267343612646,0.6042277005505167,2.20498344192949,2.6542206358716793,0.3707749245632691,0.4211868778304477,0.7735150653134606,1.3429631469181587,1.9584567287981598,0.5092597852865008,0.5648302685529746,0.8598424352570712,0.9077501548982643,1.6151714426212649,0.6296923863747138,0.6795100338004536,0.910391010266937,0.6357780412747197,1.4007321068100242,0.7363496743871288,0.776552112844842,0.9441719311432296,0.445722991644922,1.254826538388294,0.8319469286361129,0.8596122193205146,0.9678577157237235,0.30139109332661795,1.1477829862541917,0.919193237083165,0.9333502800975895,0.9858478091501176,0.17771818249396606,1.0657830483063606,1.0,1.0,0.9999984057522936,0.0017746649932458619,1.0000024144182191,2.015807328884477,21.60559033523863,0.09433374090040247,0.4305822188639276,0.32048996579800487,0.19537307398487022,0.08110261447114987,0.5303260892864251,0.8533210642838989
29,326567,0.21343087772283328,0.16411735121783969,0.1384765229521,0.11995097679694652,0.10586584904356341,0.09449756483319752,0.08542111544407904,0.07823659273558814,0.24875166505697377,0.1771259034464465,0.13991126440901192,0.1162511742610523,0.09604890944205266,0.0840163827311132,0.07316037506845133,0.06473432546794938,5.900177487920608,5.44152168677605,5.067902811169312,4.797155107349707,4.476859564741283,4.322221089340708,4.14872161492709,3.9973767147322303,0.21343144057895186,0.24875166530811976,0.6214493070827537,2.0833290523961994,2.5438026969652516,0.3775492844360698,0.42587756856565917,0.7789601338916947,1.2555500879472778,1.8679787659007943,0.516026233022575,0.5657888333672693,0.8612814535587394,0.8512561020708347,1.5508660127120732,0.6359776148902541,0.6820400079425278,0.9128108448245402,0.5991571649448661,1.3616700494650458,0.7418438210006232,0.7780889187654271,0.9455830607695047,0.42144457591297396,1.2286986988506385,0.8363417007015299,0.8621053005173265,0.9696128504237443,0.2833408166589012,1.1337461925869026,0.9217631300532689,0.9352656738547687,0.9871489715065411,0.16509277657919028,1.0599676559217492,1.0,1.0,0.9999984855115863,0.0017687343427576598,1.0000053851174966,2.3086327038024987,22.37909045483402,0.10579700492495359,0.4553938134737002,0.31795999280470455,0.20610038400623182,0.08402487085345427,0.5174772711265988,0.8551974020645075
30,326567,0.22760055387753508,0.1604198804880105,0.1327046187114742,0.11538718576808607,0.10308960776940011,0.09363633118656069,0.08644214578227342,0.08071982070294917,0.27104817239865275,0.1665688985952792,0.12974290768864455,0.10819142670668672,0.09449390095959131,0.08395702406183757,0.07592969459597725,0.07006797491147092,5.258152677010257,4.597053007253127,4.326564472047343,4.142340320011426,4.038698149102237,3.9489866373169678,3.865983186994961,3.8189372789975597,0.22760044126575568,0.2710481715926493,0.6520621643429634,2.1635646772116996,2.680017007134368,0.38802033730419266,0.43761707077928974,0.7900647734454741,1.291227959070765,1.9307171560711964,0.5207249476303842,0.5673599785252452,0.8627104994110814,0.8797591360767962,1.5886778172734772,0.636112137909242,0.6755514051973446,0.9091687091963981,0.6252075649778683,1.3832440519566365,0.7392017161872407,0.7700453070758273,0.9419825035625098,0.44541777686303663,1.2442855423154529,0.8328380153307859,0.8540023319910319,0.9663177381345068,0.30490010166644804,1.1418752159235208,0.9192801732352336,0.9299320253967123,0.985052836190745,0.18247950457444492,1.0629484998075855,1.0,1.0,0.9999984078585615,0.0017779438704690722,1.0000018325523936,1.9619677118207597,23.75851615094128,0.08398275240017507,0.4373738126090071,0.3244485954378211,0.19827032272336345,0.07534173691769223,0.5177436789387783,0.8601948451619422
31,326567,0.21366687327466494,0.16336098678999064,0.136746156918986,0.117758271515804,0.10453098032668258,0.09490832472320478,0.08745836234110746,0.08156641826239427,0.23538192835711147,0.1702649805854534,0.138566586265205,0.1162401155117042,0.0998842730811251,0.08785847396377344,0.078868438461208,0.07293520360043328,4.749678486810243,4.443973767688314,4.302010626244285,4.16279157956343,3.9995136240076965,3.852938359678364,3.7454046212891714,3.6860902519263337,0.21366742066668842,0.2353819286608229,0.5967372355066456,2.1644747810432805,2.6048432707320406,0.37702891682308304,0.40564690948373333,0.7499178143005394,1.3083941593496131,1.8828404819001991,0.5137755257895122,0.5442134949126368,0.8361642764397128,0.9006722944470764,1.5596322091483084,0.6315342524917192,0.660453610635059,0.8921436372081136,0.6463262284215292,1.3677902886778506,0.736065649617798,0.7603378836095932,0.9310602573953815,0.46493579199194335,1.236614331692804,0.8309743931262044,0.8481963567361981,0.9597425912316047,0.3214158474267948,1.138339906518157,0.9184331818401884,0.9270647957321865,0.9817754197856655,0.1948536724264559,1.0614038534115688,1.0,1.0,0.999998406896322,0.001778336202999016,1.0000056648729527,1.8292245736725306,24.71966953799329,0.07540740641634006,0.4222297742329725,0.33954638897471556,0.22598017189323388,0.0925744181132815,0.5093931719983954,0.849879197836891
32,326567,0.21276974448868838,0.16393213621625694,0.13813270255534277,0.11910627962997447,0.10503909383928106,0.09466718943956658,0.08642054769472554,0.07993038518476396,0.2556640458118603,0.17616778297164,0.13807741882624253,0.112582394704008,0.09494739203000023,0.08284828737719659,0.0732736459278432,0.06643903282949991,5.910029624232228,5.272671522883609,4.868178065261262,4.6019435199941885,4.390694666465569,4.24625420314044,4.111946398547945,4.025251739990648,0.21277011314434807,0.25566404582938207,0.6277011861129974,2.2163714935805072,2.6996672078516046,0.37670257896780934,0.4318318287115879,0.7803825154765167,1.3201469904892387,1.9446569876262039,0.5148355481149813,0.5699092469503934,0.8620158908131101,0.8906709745410825,1.5992672561114574,0.633942056084112,0.6824916413796192,0.9116602155450708,0.6251249634930865,1.3900693352467084,0.7389813380178651,0.777439033952613,0.9448392398447183,0.43973744882469906,1.2481806775899353,0.8336486953105594,0.8602873219142352,0.9686111396255871,0.2970897107940889,1.1445448826815896,0.9200694422261083,0.9335609672325565,0.9862015739992644,0.1750477102336971,1.0641978209359222,1.0,1.0,0.9999984069649491,0.0017744992341017056,1.0000041597032232,2.1784451714913877,25.541473359585666,0.08729831444296762,0.439083697884813,0.317508357220461,0.19474281886424483,0.08143122238315567,0.5357889805154838,0.8522584951939418
33,326567,0.2066908479921425,0.1589602661814995,0.1376877671868086,0.1203128518566945,0.10726355574771267,0.09708128988312266,0.08914046797465183,0.082861176699156,0.24512705742682597,0.17541864156321846,0.1409047751493652,0.11368068371061199,0.09696316457665317,0.08422340673906754,0.07502548795838307,0.06865678275052974,6.20342401678222,5.7151704622504225,5.28334031906095,4.893020714886968,4.664611081652385,4.457940255538061,4.317076967513987,4.222261743968655,0.2066911139124847,0.24512705766045015,0.6119971336429612,2.236734968647995,2.698685081515996,0.3656516573144356,0.420545698224834,0.7686909184598981,1.3512447264820258,1.959127487431462,0.5033396635334518,0.5614504732540105,0.8549423710450315,0.9135764471121179,1.6119514943963715,0.6236527647671594,0.6751311583859884,0.906540899467984,0.6413153162699552,1.3978860186569446,0.7309165398938111,0.7720943222546964,0.941192974369062,0.4520145627493982,1.253481637566154,0.8279980044044324,0.8563177278451726,0.9660268021057999,0.3064987556878732,1.1472437741912551,0.9171386648656907,0.9313432179591493,0.9848546009190287,0.18127202567183892,1.0650991692066276,1.0,1.0,0.9999984475644499,0.0017701630999092265,1.0000033488988496,2.3170065565757882,26.455468558325382,0.0889361099412051,0.4374494780384922,0.32486884225355783,0.20728473101954917,0.09716134055186225,0.5760563682184666,0.834158074759544
34,326567,0.19663956305291105,0.15903716778328605,0.13805523763895025,0.12252905169297189,0.10982865852135626,0.0994757163678199,0.09083172363910727,0.08360095409106923,0.22922272294439522,0.17159466328300832,0.1405577477334449,0.11858015369089792,0.10213999427405585,0.08963965474729686,0.0780704931218328,0.07019456976068031,7.220514348129232,6.670991768149375,6.281070700502653,5.941466087365115,5.690784758138896,5.489050746921544,5.238688238524185,5.106418290838956,0.19663991424388616,0.2292227232072224,0.5912634494238096,2.230609089078904,2.662407120016911,0.35567737295041146,0.40081738642324627,0.7547064651112866,1.3488353566841282,1.9322166944199366,0.4937328624329349,0.5413751340207146,0.8426910690918346,0.9199839986368248,1.591346294482964,0.6162621482954462,0.6599552889722705,0.8986758879874762,0.6511108621310581,1.3858748789237234,0.7260910034568088,0.7620952824476237,0.9370338611497477,0.46017882570805,1.2459065598827126,0.8255669169705773,0.8517349378502546,0.964686811657125,0.3113079104183051,1.143782171520166,0.9163988648166133,0.9298054314631544,0.984662146872404,0.1835350832451253,1.0638247618796293,1.0,1.0,0.9999984067911911,0.0017736058403131918,1.0000039305967576,2.6933484899825304,27.72306296872915,0.09921809451886905,0.43463664253494955,0.34004471194725966,0.22960397995213275,0.1118625733769793,0.6204607324071324,0.8172159158763745
35,326567,0.20181533802309326,0.16129962090713773,0.1393311276530017,0.12266386667135878,0.1092198866320646,0.09734724595960113,0.08794302821030504,0.0803770454472924,0.23704066533358015,0.1723635057531568,0.13994270280595503,0.1184820432281054,0.10101371887318146,0.08672817159794952,0.07673838908977935,0.06769080303839961,8.124465672722112,7.319107060044516,6.875989438491875,6.543478613778178,6.219876160731286,5.965238369385794,5.7761619310954595,5.578842546247103,0.2018158196280098,0.23704066533358015,0.6019656539630241,2.166542795110819,2.6072134964945763,0.3631159068099378,0.40940417171788723,0.760277231326859,1.3024860745827076,1.8878640363523083,0.5024474309494439,0.5493468742121913,0.846413200663714,0.8854450961189906,1.5580044165647196,0.6251116767658227,0.6678289169846383,0.9023191277752955,0.624924625332955,1.3639407422550334,0.7343318934957025,0.7688426363830179,0.9396131274487471,0.4406620162441431,1.2318616390057433,0.8316794310102407,0.8555708078942709,0.965762350880008,0.2981656183185449,1.1340138075308035,0.91962272784235,0.9323091988326014,0.9854709338604802,0.17404647410346122,1.0599656693234163,1.0,1.0,0.9999984138225487,0.0017746113039925253,1.0000048580007659,3.0648639693889503,28.929074507993732,0.1086901211091776,0.4454238891500082,0.33217108303945425,0.22536912568064862,0.11650327497879455,0.5977088928152569,0.8178229888506799
36,326567,0.2061832383601604,0.1602144384924265,0.1378389143638834,0.12115854164605291,0.10807225142962144,0.09709447619214626,0.08824612585781115,0.08119046239338903,0.23370082657049984,0.17755552793210802,0.14532067430970047,0.11883114586549828,0.09976406674848931,0.08522292764917512,0.07375711481866229,0.06584771582843799,8.510778784796791,8.375255617739574,7.937302133922374,7.3625518183158345,6.906319435522233,6.533539644290914,6.2021917975274095,5.986879324346997,0.20618356675762958,0.2337008263777599,0.5982710390288034,2.1530577865082314,2.584130023797119,0.36639823704940533,0.4112563547842345,0.7631354891609621,1.312121602713852,1.901902502146652,0.504237317338652,0.5565770296871213,0.8535187619455088,0.8933939033097262,1.5818345291699725,0.6253960417927,0.6754081743111262,0.9079721019196686,0.6281391032040324,1.3826935506334033,0.7334684652193579,0.7751722423504803,0.9439655073522796,0.43933550179883135,1.2445640505018545,0.830563097638909,0.8603951679408424,0.9687536250849665,0.2943157141623631,1.1423767632272355,0.9188093969590182,0.9341522832741167,0.9864898789335528,0.171419688780177,1.0630242823481233,1.0,1.0,0.9999984098684596,0.001775355391864528,1.0000033369029784,3.350698267097911,29.859649372831196,0.1134903680086125,0.44241176595698584,0.3245918254227613,0.21267272245673424,0.09792018176974403,0.5760747411710307,0.8332746419570869
37,326567,0.2086860986078278,0.16288646506928517,0.14094924717664178,0.1240052387376193,0.1096910116441936,0.09513827408143849,0.08355780828534516,0.07508473350642345,0.2500465068322235,0.17871632853448502,0.14720518127988022,0.12271601371020284,0.10038108029054367,0.07887094072768304,0.0653760979860247,0.05668785053533189,12.478117076738966,11.506999181865247,10.928837772554147,10.27607149604249,9.458288619901621,8.56319443241176,8.014332229319471,7.685609517151805,0.2086862032751077,0.25004650687310775,0.6362094340420349,2.0236107092028064,2.493713801106015,0.37157287931724214,0.42876283521330144,0.7932536143613133,1.2197262249364325,1.8451100219393974,0.5125223057548071,0.5759680162433133,0.8783430067574243,0.8202565285265078,1.544229839417478,0.63652769312157,0.6986840307168101,0.9295811905451314,0.5651384037618656,1.3611864783981469,0.7462188146844768,0.7990651109723101,0.9609310636825061,0.38230217146376366,1.2315917335987687,0.8413572214148004,0.8779360530899658,0.9792865459433775,0.24785167687593396,1.1335238709965918,0.9249151664046004,0.9433121498577681,0.9913573710399861,0.13944402079220725,1.0587383484812432,1.0,1.0,0.9999984555470959,0.0017689779775454067,1.0000035114151251,5.029133991181098,31.914634358242008,0.16035244419368658,0.4799892434096515,0.3013159696456724,0.19290284568308586,0.09410875103730627,0.5883968680240196,0.8348455294013173
38,326567,0.21256432566862238,0.162150388190823,0.13907805959420272,0.12192620114852006,0.10684677227892744,0.09477214575344607,0.08512579318284992,0.07753324118368608,0.24505811486820683,0.18553992601123265,0.14750393935974127,0.11931490629601414,0.09483682121263091,0.08011437021790786,0.06750173837997522,0.060130184067194455,13.037008404851848,12.61346776458277,11.647322103216297,10.679748531009421,9.660327699164435,9.069206737281451,8.50029519547339,8.180507160166641,0.21256488491999295,0.2450581144126397,0.6078361664011916,1.9934842874597842,2.4186456106732983,0.3747157884554435,0.4305980407810618,0.7791125601545461,1.2457614518445157,1.850372816435545,0.5137942695492687,0.5781019797895455,0.8691721223395006,0.8426771171277689,1.5531162184682934,0.6357208600478047,0.6974168851657557,0.921706905756077,0.5839846514233914,1.3660300443864617,0.742567977576535,0.7922537085332958,0.9531985202116551,0.40231417947221604,1.2326115658961423,0.8373404222433496,0.8723680760111846,0.9749635474459407,0.2637191670197066,1.1358996054258474,0.9224665143373778,0.9398698154863644,0.9891260083830761,0.15040777959474472,1.0595936220598334,1.0,1.0,0.9999984394328686,0.0017700885159495261,1.0000043416643307,5.303919968932422,35.998286213433396,0.14897580295863674,0.4762356334400814,0.3025831137500821,0.19510330726573755,0.10701536744374049,0.5933085706761553,0.8283154758441607
39,326567,0.21249631524216317,0.1665531901103468,0.13995999720195243,0.12151926447137953,0.10615412407833806,0.09361781320010996,0.08373487484957146,0.07596256867369483,0.24750807029256744,0.1927304733470725,0.14967601882869946,0.11973280959837697,0.09152746597959892,0.07596408827866041,0.06607229410966854,0.05678877960697005,16.565140582935875,16.294590937714815,14.921156295601943,13.571679724193013,11.974773399448042,11.179192190155073,10.624224005803304,10.06204620410763,0.21249659990500466,0.24750807081822182,0.603284090837587,2.0540534141153364,2.4675845548383655,0.3790500115861598,0.44023854379514604,0.7859599011483024,1.2427894163368696,1.8590158670908417,0.5190102376784754,0.5899145628498952,0.8768619157522954,0.8328231541788268,1.5592722464732542,0.6405297498491543,0.7096473712796036,0.9304214023367829,0.5691815691865652,1.3719265612962444,0.7466840879549778,0.801174836939247,0.9586743013397979,0.38891309237369703,1.2342723576503256,0.8403021064530599,0.8771389269326724,0.9770078727947545,0.25470357193270776,1.1341015632182192,0.9240372261575565,0.9432112205704839,0.9905421349887572,0.14220369187555895,1.0601389099734964,1.0,1.0,0.9999984249766428,0.001773746321133604,1.0000036412203661,6.697817086730306,38.56716421279099,0.17814216536761163,0.47813980306809817,0.2903526278293391,0.1797993799060566,0.10830434489706553,0.6267749037716609,0.8174976344823573
40,326567,0.21549699159647945,0.16693553158214852,0.14139567643158793,0.12254972948817738,0.10624789035502764,0.09251764519644419,0.08165980550722554,0.07319509690338956,0.2639693084516984,0.19852719644693348,0.15023110206140008,0.1138250375181713,0.08914790508476185,0.07235133704225777,0.06032935127271835,0.051618762311741534,20.416177442190218,19.56073692112754,17.497024920210954,15.213977714208486,13.64131649763658,12.57446723265875,11.732208493719101,11.110773805333505,0.21549724882326463,0.2639693077741883,0.63079245541664,2.103601792872405,2.5532270772487196,0.38243303085855745,0.4624965058539357,0.8077186544280538,1.2738658028693344,1.9283266612871313,0.5238289542944129,0.6127276064717939,0.8926939316790437,0.840093003570335,1.6020087993569856,0.6463789037222273,0.7265526441868119,0.9377960607340987,0.5657300276543791,1.3903938332656247,0.7526269593897198,0.8157005506091177,0.9638669410498599,0.3789677567660673,1.244712022205144,0.8451447680471572,0.8880518863009182,0.9804599842647919,0.2423712733637569,1.1403315109190295,0.9268047552504728,0.9483812381043559,0.9917762070212442,0.13222252151751795,1.0617652605308592,1.0,1.0,0.9999984104729621,0.001775537881458275,1.0000036940194292,8.02804857733828,43.4246175357073,0.18842472734449892,0.4866031118480898,0.27344735510191204,0.15577855359273882,0.1020942869304002,0.6055143354962381,0.8242940958516936
41,326567,0.20668961296131422,0.16479337808646466,0.14494235752277673,0.12683045922620778,0.11040157227737724,0.09423632067593997,0.08076727743536358,0.07133784509632116,0.24550361991176511,0.18878111264465805,0.16267240570161542,0.12437254269046705,0.09607710137585891,0.07430810623936993,0.0588871671795265,0.04939794458613998,25.546835080941268,24.795683187961632,23.9729866601356,20.676154100209423,18.110909012134673,16.057925484032953,14.557605760614624,13.499967515656774,0.20668985593793743,0.24550361973654697,0.5918794479614605,2.040121229123317,2.437044666624027,0.3714834011063875,0.43428473293186454,0.7670228427362045,1.250143808373051,1.8251913429361903,0.516425902466457,0.5969571376017919,0.8718926671056023,0.8355842841355364,1.5487984124367498,0.6432565323237299,0.7213296814761677,0.9273039138375477,0.5662609270407053,1.3623223000234028,0.7536582320503944,0.8174067828606963,0.9595241778918994,0.37583586390525203,1.228546526660646,0.8478946727500232,0.8917148882378014,0.9789784895322695,0.23648954732302116,1.130766273514036,0.9286620713793866,0.9506020556151327,0.9913397306371887,0.12759911660797021,1.0572049214203478,1.0,1.0,0.9999984259425327,0.0017748769866252673,1.0000029872515501,10.535913777864549,48.58053577022442,0.22313409070233706,0.49095909978129393,0.27867031923802865,0.18111135572634102,0.11099847045169904,0.5913518512280788,0.8211706939157968
42,326567,0.20290785885342824,0.1664862195918066,0.14396283304206142,0.12355734718224935,0.10730362902176276,0.09461982017604255,0.08458016336605027,0.0765787040231216,0.2559186210172508,0.20272228778706858,0.15019031439839486,0.11504386249664751,0.08887912980082142,0.07329596959923329,0.06148129963720625,0.052468515300200476,29.42695389093218,27.861610278894542,23.814112546372268,20.769533150777953,18.157410636305904,16.69594263483411,15.596576687998832,14.710789484029311,0.20290856564375714,0.2559186210639756,0.6005224696853235,2.152825209272292,2.5673124153602283,0.3693953450186118,0.4586409095922534,0.7869238052547121,1.3057498859680294,1.9254639536360367,0.5133586281986039,0.6088312226089803,0.8773613360678013,0.8602141618926488,1.5893316442737284,0.6369163930045046,0.7238750868161036,0.9297336465979852,0.5818578576296365,1.3865231865601872,0.7442203754288238,0.8127542145051815,0.9595034422279862,0.3918156360012934,1.2447749592081774,0.8388405208856431,0.8860501851809112,0.97887938285156,0.2501335314031932,1.142914618564512,0.9234210115825222,0.9475314848985169,0.9912861146911023,0.1357765171664657,1.0631255654562972,1.0,1.0,0.9999984128413272,0.0017712398861439679,1.0000049785435385,11.31923960998982,58.4899045776606,0.19722327748570243,0.4923302947369002,0.2761249148815046,0.17117222231129164,0.1284709569552343,0.6180232540336287,0.8069722292821994
43,326567,0.21230422757810802,0.16775930910617118,0.14168266597271292,0.12094441892379665,0.10448341407125586,0.09243861200770295,0.08350427190435127,0.07688093613979147,0.2795493653759413,0.19666163544662774,0.1471285405266011,0.1088214789831239,0.08435164354103555,0.06965731449498616,0.060584115708167824,0.053245906769172006,33.129719705774434,29.310920370245764,25.74621264421523,21.795604573590946,18.89761178000779,17.27618597264655,16.25402646634115,15.369685251284164,0.21230456168677564,0.2795493646750688,0.6307035501771006,2.2366826987611645,2.7064504796470192,0.38006422309217663,0.47621099973347886,0.802464794224765,1.3146654124072568,1.9689261336737003,0.5217471955889305,0.6233395397913715,0.8861020587725167,0.858059666940848,1.613818543409814,0.6426918709108765,0.732161018614335,0.9313437000316792,0.5797773642622432,1.396442091534682,0.7471755120509572,0.8165126622239521,0.9583692147679383,0.3929213401458821,1.2497630241217144,0.8396143449138119,0.8861699771123577,0.9763130357028512,0.2550137915574603,1.143698722470977,0.9231188442658972,0.946754092055954,0.9899435382382042,0.140656431782915,1.0640721878912873,1.0,1.0,0.9999984116958386,0.001776048351863395,1.0000039770916185,12.346947350411325,66.54658255729687,0.18591289961181842,0.4877345566956666,0.26783898025222264,0.15884821952235653,0.1135965207752161,0.5809343871242348,0.8174700750535112
44,326567,0.2305705847211292,0.1639290217256815,0.13860391354116747,0.11890245730405724,0.10262165724253416,0.09011954165416285,0.08099553628908128,0.07425444328805421,0.29174439552994635,0.19438484640833312,0.14828857591280267,0.10951902316839317,0.08437995016920732,0.06573326825418802,0.05643226415555982,0.04951767622160587,36.623294988263886,33.63409062551704,29.662414850007092,25.33875114976081,21.971850784884836,19.324886672843224,18.019830058167514,17.09213992631766,0.2305710721699354,0.29174439519119133,0.6423291864645616,2.012751857995386,2.4861516542066178,0.3945005826892222,0.48612924110435074,0.8077769254350781,1.2159004993351288,1.8688652971920312,0.5331049321424334,0.6344178191544495,0.8920105682250943,0.808375630535412,1.5714447014507773,0.6520077326060872,0.7439368417572166,0.9363729516859463,0.5481656209059326,1.376238151574146,0.7546296986318811,0.8283167924857532,0.9637728760481613,0.3682231012091982,1.2425415967779914,0.8447494998665926,0.8940500590319295,0.979611749648201,0.23678482824627806,1.1400702110701495,0.9257453118760027,0.9504823233396187,0.9911881304416703,0.12946379511541217,1.0620883215479293,1.0,1.0,0.9999984612482558,0.0017755487806148554,1.0000046165625944,14.726044384697799,75.89688958528795,0.19348037292479786,0.5081781246364656,0.25606315897961207,0.15437991558073055,0.10983925197585793,0.5743170620423986,0.8272176919284557
45,326567,0.20993282783950154,0.16638097283635517,0.13993003125722478,0.12086939603415991,0.10563064594492669,0.09372240375198418,0.08498704060920118,0.07854824747585416,0.26914029725835764,0.20716747812793507,0.14635083359632325,0.11073956178528906,0.08478596797719648,0.06908999408609783,0.059858183111025906,0.05286768387603155,36.343247184195874,35.31671317878023,29.50314963225346,25.13001819366657,21.415659739433263,19.307408549128567,18.072564340278543,17.120862307316052,0.2099324151279809,0.2691402975971127,0.5893569398646258,2.214333614855664,2.6124336853620513,0.3763131050233778,0.47630777515230355,0.7855735068986809,1.3611678096481767,1.9859430514687129,0.5162428932822596,0.622658609356506,0.8787429358366107,0.8983174329841205,1.6416460244421043,0.6371121310272814,0.7333981708296877,0.9292552732206699,0.6060503961523295,1.4211351098172564,0.7427426300934206,0.8181841377210793,0.9580834517427707,0.4071381521239139,1.2665419059862777,0.8364648990771103,0.8872741331872481,0.976583224218519,0.26136241509987573,1.1535833950108314,0.9214518443274947,0.9471323163339108,0.9899525987881367,0.14245872302398452,1.0679017781941906,1.0,1.0,0.9999984137232584,0.0017746378070522112,1.0000001815668667,14.242827193940947,85.17218595312015,0.16849549092277125,0.4908048772515333,0.26660182921721964,0.15374231920800102,0.12471675031463682,0.6444496841383238,0.8064026677527123
46,326567,0.22158140835188492,0.16979800409927365,0.1419565284519046,0.11983207106404467,0.10319918330042868,0.09050398256623306,0.08038533349845466,0.07274016597133734,0.28757711076948755,0.19774207560182125,0.14924825675588627,0.11112961472726188,0.0837900472876902,0.06779972367104353,0.05501846538798316,0.04769470535147237,48.325184418698264,43.15583305897507,38.47179106952995,32.81039311910532,28.25062153057263,25.79950692363254,23.160650361972024,22.08606884509872,0.22158214243791308,0.2875771114061134,0.6330676197346053,2.036200458161737,2.481070316064147,0.39138066519361947,0.4853191868332641,0.8123417982000755,1.198961936342665,1.854410413975637,0.5333376293115323,0.6345674444781086,0.8990641944640954,0.7824817845546923,1.5522178222770189,0.6531701035714755,0.7456970609405775,0.9443327199826244,0.5251454827606382,1.3631277961799175,0.756369647545283,0.8294871067693943,0.9690879640855864,0.3501413756198606,1.230671695845408,0.8468739352874725,0.8972868304816871,0.9840993443034246,0.22142726345981742,1.1340595011088848,0.9272595814086542,0.9523052953629978,0.9935017265084775,0.11901396597774377,1.059073972030795,1.0,1.0,0.9999984343106586,0.0017765649084320377,1.000004798204659,19.823665563305614,98.97462877702033,0.20363793566939317,0.5272188617974137,0.25430294179720575,0.15676940725026575,0.10858204441967498,0.5995982447705984,0.8248230837776015
47,326567,0.2305110341063243,0.1774792327323432,0.14558315797789484,0.12469796767872289,0.10349184691856878,0.08547133744565505,0.07156885085634047,0.061192238509016,0.267896200092468,0.19362710351773746,0.14781967022573408,0.12409886566953593,0.09260634252671385,0.0711748962610897,0.05654573131592915,0.0462311899639714,111.58383678283523,104.35371349654443,96.1045127525949,93.85859483982873,84.34009637183662,77.75569890238698,73.39302360569408,69.7521039813617,0.23051201689222034,0.26789620012167104,0.8162953084290077,0.9895922246527289,1.5658081309232719,0.4079920579406573,0.46152330448045553,0.9175799977341452,0.5745593012104755,1.31228787454102,0.5535757881535861,0.6093429741412937,0.9571045209638654,0.3851030474286713,1.2047512206331195,0.6782742259038572,0.7334418399813022,0.9795408545326638,0.2589901019641253,1.1412968576612783,0.7817665149152891,0.8260481825209749,0.990090391009468,0.1722912401792387,1.0917904435163361,0.8672382349833141,0.897223079206421,0.9953700036754367,0.10983140251000223,1.0544247367877062,0.9388074465721694,0.9537688103375498,0.9983623901074071,0.058424999702256654,1.0239769596972592,1.0,1.0,0.9999987692744272,0.0017430985718829212,1.0000077709671298,72.72920438924544,132.79479205228984,0.5496567026057056,0.7710075808644185,0.26655816040782804,0.24208645512131557,0.10556677496501483,0.6411180554067006,0.8181138939329449
