sample,pearson_r,spearman_rho,mae,r2
1,0.6279962003166479,0.5357142857142857,0.04766180765401703,-0.8760007110878223
2,0.4530640978528262,0.5714285714285714,0.05267763408695129,-1.156161305226738
3,0.5967692992095068,0.39285714285714285,0.059918770488964206,-1.064602451401755
4,0.03721015038788196,-0.35714285714285715,0.08669655754859962,-5.098250858676357
5,0.7576949360817093,0.5357142857142857,0.03280777921908493,0.4444929212284897
6,0.6298832248904639,0.32142857142857145,0.04645221700090417,-1.1921327067927314
7,0.6251748261817823,0.5357142857142857,0.029037151605933346,0.3839949683768188
8,0.536626056485951,0.5714285714285714,0.03966375266316081,-0.2426210741650403
9,0.38225882647562626,0.0,0.08472820753710443,-1.3532465765683024
10,0.31147747661378067,0.0,0.08243688161219041,-2.0888497114876023
11,0.9796860432240408,0.9285714285714286,0.008488233722978007,0.9100459916890548
12,0.39964152501201305,0.25,0.07963151560682406,-3.2316354267763447
13,0.23684257920828392,-0.03571428571428571,0.059860114874757335,-1.760868057009659
14,0.2561803561514234,-0.14285714285714285,0.08974099897062694,-4.147164621062289
15,0.30895001013930135,-0.14285714285714285,0.045603048585760024,-1.4600058374093337
16,0.23967789928502217,0.07142857142857142,0.06487179425805929,-2.2080988781187476
17,0.6066974118770446,0.39285714285714285,0.05579825450721305,-0.3532166966644812
18,0.5051794642111972,0.32142857142857145,0.05805694152103099,-0.740738755907169
19,0.3944339716315495,-0.14285714285714285,0.0923893588781428,-3.513985478961456
20,0.39347611809352434,0.03571428571428571,0.07095196335594808,-2.857753901261524
21,0.4096437004154826,0.42857142857142855,0.03864932205785619,0.14600240408872867
22,0.4851975263144907,0.17857142857142858,0.06615438885322429,-0.694623180354939
23,0.4229602443958477,0.21428571428571427,0.059771140293594975,-0.51865964783342
24,0.41390721889600285,0.21428571428571427,0.0473461773989045,-0.8433365123780356
25,0.8777609139754214,0.8928571428571429,0.01582277659722907,0.7630913056020994
26,0.45888247107024294,0.5,0.06897230168541488,-1.8255432407853345
27,0.5544074014799097,0.5,0.04778040026189496,0.12188251475722833
28,0.5255696540921035,0.42857142857142855,0.055647130547220654,-0.3678169127374533
29,0.23653965641085495,0.14285714285714285,0.08286410202942308,-2.548668594178988
30,0.7755028471555662,0.6428571428571429,0.017303080989475386,0.5973817859340469
31,0.4679823396201945,0.32142857142857145,0.04480678444223143,0.1787832810137424
32,0.43933849803529046,0.07142857142857142,0.0730533436290123,-2.3962633207773636
33,0.8973534892504686,0.7142857142857143,0.016176018657808128,0.7537617327470792
34,0.3296573769786505,0.03571428571428571,0.05134110951454677,-1.1619060936291428
35,0.5834199556121314,0.4642857142857143,0.03494045284361551,-0.0533080774502277
36,0.6301396347505818,0.42857142857142855,0.056548594284807144,-0.4448041972445309
37,0.7299022282848209,0.5357142857142857,0.04200511160966908,-0.1247616986308071
38,0.44351366449330204,0.21428571428571427,0.08347303111803639,-2.261634097086721
39,0.29274148140251444,0.03571428571428571,0.06137017617245292,-1.1857484624334678
40,0.40152449264797185,0.07142857142857142,0.07695119521240128,-1.8201214889322608
41,0.12991775867869368,-0.32142857142857145,0.04093876724142563,-1.331079874341818
42,0.4224499291470209,0.35714285714285715,0.05907985424203298,-0.9519555819522643
43,-0.029407157147156558,-0.32142857142857145,0.07637591909321519,-1.493925027053069
44,0.6895883091556695,0.5714285714285714,0.0384587106404319,0.2443118119397455
45,0.21593937541488437,-0.17857142857142858,0.09107092105920858,-3.8467337054279085
46,0.41620238902054607,0.32142857142857145,0.08270345462101562,-1.720953601591439
47,0.137298274941139,-0.25,0.08962845988218536,-7.215347770521388
48,0.16597688868701158,-0.14285714285714285,0.07310176979122615,-3.029596105851052
49,0.33944407327155196,0.2857142857142857,0.06815681832523084,-2.21421907964829
50,0.35543797143970407,-0.07142857142857142,0.07290638732684739,-2.1516264653570873
51,0.5383062803530404,0.5,0.06910547940349841,-1.5814114770700787
52,0.874847795023044,0.9642857142857143,0.02224889905207212,0.6893418882298192
53,0.13516439272942568,-0.17857142857142858,0.09949236977190934,-5.552814845580946
54,0.066062675553207,-0.5714285714285714,0.10655905292994573,-5.444897856060506
55,0.18704834707736145,-0.25,0.0735633372632974,-1.9879904861136084
56,0.5759441489363984,0.5357142857142857,0.04476836269070622,-0.852674728125421
57,0.6287722580611282,0.39285714285714285,0.04830359555255951,-0.6480435745102602
58,0.4740741465826611,0.5,0.057774012107316586,-1.4636764427946232
59,0.5531444867082923,0.5357142857142857,0.05161511023436722,-0.3320048593588376
60,0.29754019563784273,0.0,0.07935954082236672,-2.1476948030800984
61,0.6196265040962343,0.42857142857142855,0.05729557768477448,-0.39643069793055075
62,0.7384106699957683,0.35714285714285715,0.031102284235356995,0.4252754223707056
63,0.5337238523216786,0.4642857142857143,0.04676237292589663,0.09291173143614884
64,0.3064694419058364,-0.07142857142857142,0.08090036844118388,-2.7105366632220522
65,0.44015350979877343,0.6071428571428571,0.0673099223438226,-0.4650093983066561
66,0.6023077863458338,0.39285714285714285,0.05967412300045539,-1.1064517935216087
67,0.626416221697991,0.5357142857142857,0.04759480689900649,-0.7842061700612362
68,0.5016658682423887,0.2857142857142857,0.0628665037512634,-0.9501552323313425
69,0.5252096414179269,0.10714285714285714,0.0823508334632611,-2.7435825136179064
70,0.37549240638943815,0.4642857142857143,0.08049831921703901,-2.1886211294086806
71,0.4290561991137276,0.4642857142857143,0.04628930051506482,0.007578059233514733
72,0.5437137039248151,0.35714285714285715,0.062123703336461944,-0.5560542107068462
73,0.5811114575475441,0.32142857142857145,0.06501400943943533,-1.135600067458403
74,-0.02493775565246357,-0.5714285714285714,0.09788439597079812,-4.734143084391455
75,0.5391652609043618,0.39285714285714285,0.0745812339877594,-2.4237676391778393
76,0.8330098742035492,0.7857142857142857,0.01943549436995986,0.6666274713394289
77,0.27162891071789474,-0.03571428571428571,0.08513093129709819,-2.6821871379953297
78,0.6428709626174436,0.39285714285714285,0.035661932126543595,-0.1692919110356439
79,0.2045909701684465,0.17857142857142858,0.03308313810821451,-0.27511435057850653
80,0.8800318385741697,0.8571428571428571,0.020967212572663377,0.6411640230009114
81,0.9191027173960792,0.9642857142857143,0.010175468431928647,0.8332797874387873
82,0.27650325330616965,0.0,0.08216810202602685,-3.7938710238464255
83,0.2543106998354064,-0.14285714285714285,0.09018321972232934,-4.151172907326718
84,0.14232143328242539,-0.32142857142857145,0.07833973427826171,-4.216101758048263
85,0.6007350183411504,0.6071428571428571,0.028969760495898996,0.3026013484392106
86,0.8081252069955233,0.6071428571428571,0.023029369631242382,0.5174046554736637
87,0.6082515449288025,0.5714285714285714,0.04685535505783509,-0.09317547276692317
88,0.8950551669079162,0.8571428571428571,0.013535219586503599,0.796059234396632
89,0.4005621814481584,-0.07142857142857142,0.0694403204251247,-1.2702456666240036
90,0.7641375618549686,0.5357142857142857,0.030877144215683956,0.5070333332222177
91,0.6667922172958217,0.6071428571428571,0.04288971020463912,-0.34335661816594554
92,0.22673241214638526,0.0,0.0878537745353263,-3.3362529804989123
93,0.8302395913639141,0.6071428571428571,0.024632918090316206,0.5656867918073136
94,0.9522662060882875,0.9285714285714286,0.012832528660948389,0.8842169136729544
95,0.6252294368201509,0.5357142857142857,0.05289604880055055,-1.041270047373347
96,0.5595400241980015,0.42857142857142855,0.051442352617596346,0.03667337227878442
97,0.23711888185883376,0.17857142857142858,0.08124498490566467,-3.9412383966119355
98,0.4932613679675057,0.39285714285714285,0.057698569427932174,-0.08078079106398794
99,0.6444104133569456,0.6785714285714286,0.0249544901713698,0.4036349631551044
100,0.9397243528725777,0.9642857142857143,0.01501877965311743,0.679328274686917
101,0.5769689513696309,0.5,0.0492027634754695,0.09688498667907952
102,0.520234299475881,0.42857142857142855,0.052904229382979374,-0.502111628343985
103,0.5981632120659337,0.35714285714285715,0.0611449781427737,-1.2630011604470726
104,0.9012011697027525,0.8571428571428571,0.015590348890168151,0.8061294645313726
105,0.5292424313514158,0.6428571428571429,0.04492097379185943,-0.45640958599687265
106,0.20095645963361025,-0.07142857142857142,0.06838912299969636,-2.01971185183622
107,0.3542006913379938,0.0,0.07944300777167276,-2.1945460404007266
108,0.3012716798346616,0.25,0.10045263810959379,-4.076849344198949
109,0.5333554390153422,0.32142857142857145,0.0424406874088012,-0.406242789376015
110,0.5079964947523881,0.35714285714285715,0.046069266548588166,-0.22488285388571816
111,0.3519774717914766,0.17857142857142858,0.038914973733745216,-1.9682066380502454
112,0.5239678056239969,0.39285714285714285,0.06412486679438366,-1.2971763268757321
113,0.4621054249022594,-0.07142857142857142,0.06566409548239241,-0.6657267775551146
114,0.3934515933520529,0.14285714285714285,0.07495644564981198,-1.4642948799532207
115,0.3459342140132431,0.2857142857142857,0.06668764795420978,-3.309087531507511
116,0.6824018943158076,0.6785714285714286,0.02928681027301131,0.22607933753024478
117,0.5766987103032333,0.2857142857142857,0.06883593390536472,-1.652726451223817
118,0.48241401455673283,0.32142857142857145,0.05638441339919765,-0.41986783445988607
119,0.5418314127846086,0.39285714285714285,0.057356997672249506,-0.8575083589092156
120,0.30888024919532237,0.0,0.07109471514151175,-2.7371980244821112
121,0.09554068732417467,-0.25,0.08580506680692136,-3.2284784321829187
122,0.4917498473346122,0.5714285714285714,0.05297058400911725,-0.493691831372737
123,0.2973843183136183,0.25,0.0664438211835872,-2.027386282568408
124,0.6725802673159008,0.42857142857142855,0.05470132452507737,-0.8056537448809493
125,0.9578100150718291,0.8214285714285714,0.008152574870528057,0.9063953851715945
126,0.9871185254143154,1.0,0.009876509494571742,0.9389814993898306
127,0.40915368737022445,0.5357142857142857,0.07579947450694165,-1.6393399976592158
128,0.6998085282771711,0.6071428571428571,0.04542987105404644,-0.6427650226640678
129,0.25424952497645426,0.10714285714285714,0.02805755062442208,-0.18916053540352928
130,0.49395310218187777,0.5357142857142857,0.07210292910554209,-1.7743561149203582
131,0.6766963631150967,0.6428571428571429,0.04003975629232164,0.2728643431322796
132,0.6607453962967418,0.35714285714285715,0.04633881379826301,-0.06285218744422805
133,0.699950283391707,0.8571428571428571,0.017639112638729085,0.194371225901394
134,0.11082187353448879,0.03571428571428571,0.044566655635490775,-0.8625360568077729
135,0.40180871015566605,0.6428571428571429,0.04384785002447105,-0.3523676125780666
136,0.3343610240323466,0.35714285714285715,0.060172853953793966,-0.5533307998528816
137,0.5149918161731775,0.4642857142857143,0.07201120935487004,-1.5852419022225384
138,0.34937522996474185,0.17857142857142858,0.07197416101409407,-3.4985301617817512
139,0.7600868313673905,0.42857142857142855,0.02082482611015438,0.5394067101330509
140,0.42454070374415326,0.39285714285714285,0.08073450836294349,-3.0729321427337597
141,0.33024390525926944,-0.10714285714285714,0.06630064293568846,-0.8108330131983918
142,0.4783335442553415,0.35714285714285715,0.06145487045254957,-1.0148512743574551
143,0.2731256447712046,-0.10714285714285714,0.0967937033449032,-4.7626842972144106
144,0.23233298376178976,0.0,0.025477528860054277,-0.03003490838225087
145,0.665704341199557,0.5714285714285714,0.02448935227290275,0.4262112055595878
146,0.36768720820998296,0.21428571428571427,0.10613268986771332,-4.533357339911646
147,0.6749369404908862,0.5357142857142857,0.03656267185263462,0.2580846525305285
148,0.5099763316353123,0.42857142857142855,0.060454337398653815,-0.6919897605069307
149,0.26527682724636253,0.0,0.0760639147898492,-3.077636531522284
150,0.5684874074221227,0.5,0.07283867529357556,-2.2191874438215393
151,-0.3548996837811312,-0.21428571428571427,0.06208120998467194,-2.721110491621676
152,0.8690038873713449,0.7142857142857143,0.01825022710101266,0.7100146732852364
153,0.7393010781548306,0.5714285714285714,0.02423802915302486,0.516991316352294
154,0.802066429296462,0.7857142857142857,0.01174184431103755,0.6074399931207812
155,0.23904693785508013,0.10714285714285714,0.051695287144217894,-0.858888271548788
156,0.5930298394445529,0.5,0.05762546798468261,-0.41886304141123065
157,0.5076236854782495,0.35714285714285715,0.061376246221361105,-0.48734596056056234
158,0.025904835411396623,-0.42857142857142855,0.10012191391565348,-4.576234567530303
159,-0.3688121261735029,-0.21428571428571427,0.0395781202875403,-2.6656845242952465
160,0.19515044026800743,-0.03571428571428571,0.07898148151976701,-2.4053941293333767
161,0.4390414188931311,0.32142857142857145,0.07478979793855416,-2.2986032781444874
162,0.5558752689423417,0.35714285714285715,0.06542266971199615,-1.3193053745986463
163,0.5308448690227026,0.42857142857142855,0.05324240634326443,-0.3422590037280302
164,0.49979697280936525,0.6785714285714286,0.0301686391870546,0.24755791462182308
165,0.47367408722190923,0.42857142857142855,0.04919634085032255,-1.9368833555095
166,0.5485073628691732,0.21428571428571427,0.055138351110661246,-0.1910625106071715
167,0.21017058320544812,-0.21428571428571427,0.09278850761769653,-7.4793780715699665
168,0.5754225082768901,0.39285714285714285,0.058617314177478,-0.4189414941091465
169,0.5102345375893461,0.5,0.04369890073842265,-0.46827798884590877
170,0.3095296652087577,0.07142857142857142,0.06495581405560963,-1.3408546099372805
171,0.7363684828690538,0.6428571428571429,0.02500143710189016,0.5103611922893379
172,0.9109131623382893,0.8928571428571429,0.012039452419181045,0.795687289076928
173,0.7148430444318914,0.5,0.04334689910782267,-0.047352778355949976
174,0.8462123265765135,0.7857142857142857,0.020220794122585626,0.5962716648798365
175,-0.26721329183926584,-0.10714285714285714,0.055956634272813485,-3.0681371938671935
176,0.5260486778238792,0.35714285714285715,0.05350825186997843,-0.1246235842535095
177,0.6765990833779396,0.4642857142857143,0.0238668504560408,0.4471049859863283
178,0.9003859671086047,0.9285714285714286,0.0181423990159316,0.7490712709881103
179,0.6787722880316323,0.5,0.026459021786069875,0.30662758629712117
180,0.30272032876446636,0.17857142857142858,0.07029061138654895,-4.270380419274665
181,0.6835590290514972,0.5357142857142857,0.04609766874740905,-0.3798257584432543
182,0.42803575749986067,0.0,0.08861241116869638,-2.422117220878423
183,0.31270270854261567,0.2857142857142857,0.08330731359374975,-4.726802528427997
184,0.36144945045090154,0.5,0.06840769183021468,-2.500857141813319
185,0.43629563269420346,0.4642857142857143,0.060219383781409605,-0.17982465274721826
186,0.7233443290774775,0.6071428571428571,0.022750430536510807,0.473911067029556
187,0.5559454431308418,0.42857142857142855,0.05181066569308951,-0.04126313408447091
188,0.3227748938639151,-0.03571428571428571,0.06970363007715044,-2.0546173542103836
189,0.9394105690363977,0.8928571428571429,0.01393824247172504,0.8341838616751744
190,0.3483574874803367,-0.07142857142857142,0.07604776133209712,-2.1284200325642053
191,0.846509992594508,0.8571428571428571,0.01834821980489399,0.7008042625543724
192,0.6282514624569229,0.32142857142857145,0.065884288222098,-1.7558755910375305
193,0.9000884328963973,0.8571428571428571,0.015167986885530777,0.7522366907321244
194,0.6713903218019972,0.4642857142857143,0.049950251348371534,-0.7798486064299783
195,0.8867952169859382,0.8214285714285714,0.01337730602037733,0.7861275931593825
196,0.5471500715752416,0.32142857142857145,0.06307652134432638,-0.7326838398337268
197,0.31083269380931067,0.17857142857142858,0.057645999896139465,-2.5630923394259306
198,0.5698107658026049,0.2857142857142857,0.04756197850560099,-0.150011826112058
199,0.40817403569487987,0.5714285714285714,0.03941765196130868,-0.5414389080897213
200,0.6516662550272766,0.42857142857142855,0.033277189356113034,0.07557009366239764
201,0.29468983521246783,-0.10714285714285714,0.07760196382193728,-2.8542792487083464
202,0.9950425601759885,1.0,0.008773554035018855,0.9476784080443701
203,0.15790653202255503,0.21428571428571427,0.04207012868559153,-0.0930077369606197
204,0.33233760627395204,0.35714285714285715,0.07072106937834603,-0.6050299655446734
205,0.5513497718441874,0.21428571428571427,0.04542408036139822,-0.1517513323923454
206,0.8078986209148239,0.6071428571428571,0.0302210853241556,0.08786866537757576
207,0.6949987171979188,0.6428571428571429,0.023632434484379624,0.48283788926938687
208,0.7669355159240927,0.6428571428571429,0.01992879877916753,0.5639832649589468
209,0.7042858131903603,0.5357142857142857,0.04182277304934022,-0.04984035377855478
210,0.5784713733163189,0.6071428571428571,0.04038802107314935,0.25412772542814466
211,0.4648807981569776,0.35714285714285715,0.0635986899316878,-1.2083293076300436
212,0.33639160358451986,0.21428571428571427,0.03952001873668303,-0.6520225602762735
213,0.29139000193790077,-0.07142857142857142,0.07582813805781116,-1.751503769951165
214,0.4855709859010889,0.39285714285714285,0.05667574230203635,-0.10693844248393614
215,0.5056954388594368,0.42857142857142855,0.0652399364220891,-0.44890388759834443
216,0.3675192247914388,0.14285714285714285,0.06330962181181689,-2.4937542927418788
217,-0.14271371446785552,-0.03571428571428571,0.04248593445620664,-0.6193970351992406
218,0.27259985517646795,-0.21428571428571427,0.06806268213394394,-2.803003601027772
219,0.5467831706908639,0.4642857142857143,0.05682837534827553,-0.36472340226594646
220,0.20550515343109402,0.07142857142857142,0.051765202748394724,-0.8786626315647748
221,0.3309423664344593,0.2857142857142857,0.07215284048722374,-3.643499029325489
222,0.14523734421061285,-0.21428571428571427,0.0969578403477903,-5.9711699426743206
223,0.5793232992641938,0.5,0.04168114541100607,0.01385208702504559
224,0.7796996444064145,0.7857142857142857,0.029398208255428854,0.5208582749443826
225,0.5404709671907181,0.4642857142857143,0.042839984963996554,0.16410659570698027
226,0.1337973375593143,-0.32142857142857145,0.10843999265255388,-5.359561995452887
227,0.9881199839830029,1.0,0.009831228243796916,0.9212760236943303
228,0.37578670265590625,0.07142857142857142,0.0767228736314401,-2.7498017415041187
229,0.5524211279290268,0.35714285714285715,0.06729567179783207,-1.0252841230455787
230,0.7765733258950877,0.7857142857142857,0.022354426867488453,0.5484219222002076
231,0.6285094631761889,0.32142857142857145,0.03230644881671112,0.23037057045765197
232,0.02974134508431244,-0.5714285714285714,0.10479980192100777,-4.914905824679066
233,0.22788391544610664,0.07142857142857142,0.029513121221991543,-0.18916429457465989
234,0.38188575065661734,0.42857142857142855,0.061756949059127146,-1.7638228191894516
235,0.7372882253486942,0.5357142857142857,0.035820459731980704,0.35075207326872415
236,0.5099412781737764,0.39285714285714285,0.054741357339345154,-0.5293706561607434
237,0.3591576920482177,0.35714285714285715,0.04809545336013773,-0.20899493761639132
238,0.508045589414774,0.21428571428571427,0.04990655908722747,-0.7892330485914623
239,0.5727372607324621,0.35714285714285715,0.05969769079818181,-0.4676074726779855
240,0.3306327580640523,0.42857142857142855,0.06133035882042136,-0.5296243571751909
241,0.12550283978353116,-0.07142857142857142,0.10355308188621816,-5.012937461283833
242,0.3484021568698058,-0.07142857142857142,0.07192840826049217,-2.066711357214923
243,0.7008630468519133,0.35714285714285715,0.039953800598210354,0.008722453776434103
244,0.9470691310707537,0.8214285714285714,0.010819040908668576,0.8795716270455511
245,0.4705308602543955,0.21428571428571427,0.0712426270002687,-1.4414772333829062
246,0.5086604687795038,0.35714285714285715,0.07576607509454125,-1.8806574646912475
247,0.22826636532727862,0.0,0.06429069527342653,-1.408684491470626
248,0.4723909861396741,-0.03571428571428571,0.07074345205581668,-1.1078784678886637
249,0.22706855545522575,-0.25,0.07433539029700185,-1.9653701322016257
250,0.6219777652029543,0.6785714285714286,0.04759123486316471,-0.644914643484372
251,0.4370459994926114,0.2857142857142857,0.0858660867902868,-2.2130512922000816
252,0.8433641262910633,0.6071428571428571,0.025435173096335868,0.3503387114404962
253,0.5862581484136874,0.39285714285714285,0.04937278372598034,-0.29554074934979346
254,0.37131206963379504,0.21428571428571427,0.09657679954059072,-3.8431882981631977
255,0.4582306651804693,0.21428571428571427,0.06722033545643992,-1.1278572735968058
256,0.8369659914389417,0.5714285714285714,0.018518913005870673,0.6896493997317279
257,0.5751554001510305,0.4642857142857143,0.04615330531287877,0.14986951122524128
258,0.2561015835290019,0.2857142857142857,0.08907186083884867,-4.299097951273654
259,0.4981916051514716,0.5,0.07023939542054991,-1.6936269210508401
260,-0.32634871265707627,-0.03571428571428571,0.06553623679007411,-5.179218764370676
261,0.6622762079887622,0.7142857142857143,0.04091803726610479,-0.0013449127899163305
262,0.5463106534657697,0.39285714285714285,0.046551632220175276,-0.04104822893493143
263,0.5126230657403571,0.25,0.07378867697221214,-2.664529732115327
264,0.5976044324511514,0.39285714285714285,0.05813935428224644,-1.0655764669245702
265,0.5562325328045341,0.4642857142857143,0.06836848188214469,-1.7364505633054077
266,0.11406705378604363,-0.21428571428571427,0.04531254519136209,-0.8455404368508486
267,0.6321485601732038,0.5357142857142857,0.02809494635574229,0.38245317440759063
268,0.5613361751290326,0.6071428571428571,0.04036733323659029,-0.1779703777095849
269,0.15907281346784943,-0.25,0.07235182051855109,-2.293285279680896
270,0.3131127890398252,0.07142857142857142,0.05644444554599741,-1.5006080839578964
271,0.310759780339292,-0.07142857142857142,0.07553202842710449,-2.355229876447976
272,0.5391048124393529,0.21428571428571427,0.06797175147893227,-0.9965290632690529
273,0.5400910331598865,0.42857142857142855,0.05401168674052122,-0.397590816015027
274,0.3373559987654432,0.10714285714285714,0.03498966273780889,-0.04592852177783424
275,0.7157555051612742,0.5357142857142857,0.037298623613085426,0.4413716807626261
276,0.8938939337159956,0.8928571428571429,0.01289973765584296,0.7913897383535522
277,0.6779526114788487,0.6785714285714286,0.040585502241925586,-0.34568015711308653
278,0.5950366678298321,0.32142857142857145,0.048917644672337376,-0.7603881311767062
279,0.6473517382343512,0.35714285714285715,0.04533144759537328,0.027767468209111468
280,0.638742073905735,0.4642857142857143,0.03976018177169248,0.2397992244210836
281,0.2348374628766061,-0.07142857142857142,0.0793514706569898,-4.373316581420961
282,0.02102517946027433,-0.21428571428571427,0.09929931434896641,-4.122939047009702
283,0.7757168238436861,0.75,0.023896928483397088,0.5504773850720455
284,0.3337481435637546,0.5,0.06259463800297205,-2.543547029720113
285,0.38766008523025386,0.39285714285714285,0.08257605443791967,-1.7876291363723484
286,0.5635934690876644,0.39285714285714285,0.0864995669469789,-5.288627107299361
287,0.603683501802859,0.35714285714285715,0.060414437813631976,-0.8787823263748444
288,0.7396311796550586,0.7857142857142857,0.022909823309209366,0.5302610806778825
289,0.2489185335837907,0.25,0.037932341525106196,-0.7861139527280598
290,0.13503947883426862,-0.2857142857142857,0.09267315532697833,-3.9747235663625196
291,0.6365287240829274,0.8214285714285714,0.02385638248805341,0.1568857121742766
292,0.574659685709531,0.21428571428571427,0.06262493855562588,-0.9372523578516876
293,0.2575487594681911,0.10714285714285714,0.0798147381533073,-1.7170962984281104
294,0.4832329669276617,0.5357142857142857,0.0629996132728183,-0.9658540610531949
295,0.48658073872646584,0.42857142857142855,0.05670785242563054,-0.5232975639730528
296,0.5198013470668102,0.4642857142857143,0.027456303554770738,0.2086171329069848
297,0.8053175989021313,0.5357142857142857,0.015897213622980834,0.6458307721177895
298,0.2122553921055837,-0.21428571428571427,0.06685190494752195,-2.4271949230431247
299,0.4686878520097433,0.21428571428571427,0.09102161355971736,-3.419123096200237
300,0.6041302001263985,0.8214285714285714,0.03630408949395917,-0.8523126583700089
301,0.40661792708885863,-0.07142857142857142,0.05965528996068037,-0.4348812348960862
302,0.7353786971911374,0.5357142857142857,0.0217390638882749,0.5252456916811388
303,0.30919016204257116,0.03571428571428571,0.09347021932769436,-2.0043087527070145
304,0.7850953989930978,0.6428571428571429,0.020887101440689622,0.5708307409837876
305,0.4836748670792874,0.21428571428571427,0.06386411139285661,-0.4470926914507236
306,0.5040292351118584,0.2857142857142857,0.050969276376955266,-0.10964274053756928
307,0.46887980824676456,0.25,0.07594519478929543,-1.6886237055538995
308,0.6961731191575361,0.7142857142857143,0.030474236738223682,0.3664739240141007
309,0.3168706217631145,0.25,0.07991697036005563,-3.6982682375038065
310,0.4890001782228732,0.35714285714285715,0.08274680669846758,-2.862317591489902
311,0.6586105547780571,0.5357142857142857,0.04988427179116707,-0.6452216938227229
312,0.4138602652465994,0.07142857142857142,0.07960920948752435,-2.6571552095354285
313,0.6220151785588766,0.32142857142857145,0.026464358322595315,0.28045178685653527
314,0.17434366683226407,-0.03571428571428571,0.07695427351196227,-1.1285917359786333
315,0.2968512190714455,0.0,0.07523081990014657,-3.8304052341961077
316,0.3835357236647715,0.42857142857142855,0.052204298306788834,-0.186260615213657
317,0.7662525310539461,0.8928571428571429,0.03320542673703417,0.380031182395257
318,0.872880660448023,0.7142857142857143,0.018812238751965756,0.57099234534647
319,0.6261936710966225,0.42857142857142855,0.04953158057585849,-0.31128942938935933
320,0.7282626168954764,0.8214285714285714,0.022177955573169924,0.5151212257750302
321,0.17790215557337186,0.0,0.09260988254965918,-4.4045771032604035
322,0.34819683926870015,0.14285714285714285,0.0732208611818813,-1.9102004573763214
323,0.8212525426194218,0.8571428571428571,0.018315453647660376,0.5268457570389392
324,0.328385290856947,0.0,0.07583279208377691,-1.7499952284974016
325,0.41870584973676905,0.5714285714285714,0.060539434196188714,-1.1193903852330491
326,0.6723703142013565,0.21428571428571427,0.03420357006583548,-0.24660980588729098
327,0.5728373436417921,0.6071428571428571,0.0634796444972183,-1.7965606538427585
328,0.2298113850961145,-0.17857142857142858,0.07261135763026508,-2.787330064966574
329,0.5100818526570188,0.5,0.04654108872448307,-0.10804430550979904
330,0.6382358823058122,0.5714285714285714,0.025316805766617902,-0.3406936227828701
331,0.46770105464309314,0.0,0.08871631542257752,-2.5576117391697055
332,0.6343705630562942,0.6071428571428571,0.05968822293316892,-0.5995269279711692
333,0.4238963553196504,0.14285714285714285,0.0954556696515487,-2.5681966165874024
334,0.7506631168987815,0.35714285714285715,0.032354368050965296,0.30912719748688966
335,0.06949213918101034,-0.2857142857142857,0.09797196582448506,-3.0142220787310814
336,0.26305029126252316,-0.10714285714285714,0.07653276772401447,-3.2265544105481414
337,0.06591226735872778,-0.2857142857142857,0.11051347510571928,-6.3622862340138955
338,0.5302919856553157,0.4642857142857143,0.05427481887851696,-0.366700709213049
339,0.4791332381875637,0.10714285714285714,0.06733010420232591,-1.7832216294619507
340,0.4274008217471294,0.07142857142857142,0.07724347516860401,-1.2965085715868407
341,0.5650450024700717,0.5357142857142857,0.0582470358771083,-1.673649591102858
342,0.15908728218820317,-0.03571428571428571,0.08439820172224485,-3.6391898692224514
343,0.35083012582634715,0.0,0.08508894622556773,-2.6170714453351818
344,0.36847652146218646,0.21428571428571427,0.08662889321811053,-3.0728157396988083
345,0.21402377504571884,0.14285714285714285,0.09268035529947789,-4.873779789336943
346,0.6066872007502254,0.39285714285714285,0.04431712332768713,-0.06167193000914373
347,0.031090342977722202,-0.21428571428571427,0.08890082865053871,-4.232853924425907
348,0.527406697787967,0.5357142857142857,0.027955213987256554,0.25617382006575984
349,0.7365884238451759,0.5714285714285714,0.03661223235545487,-0.7763068237882251
350,0.47440626283879184,0.32142857142857145,0.06384470912439896,-0.7467063293197354
351,0.6125724335780839,0.5357142857142857,0.05085874534402562,-0.6176737147072444
352,0.443245730214074,0.2857142857142857,0.06170723206421661,-0.7479069558208207
353,0.8060866170259662,0.5,0.02340514089326357,0.5248446867091239
354,0.8500798789495917,0.8571428571428571,0.02380939326095153,0.5514816408998522
355,0.2794946774037919,0.10714285714285714,0.07480668274686239,-2.778555907104553
356,0.5247192325585605,0.10714285714285714,0.03249171061065962,0.15742884325003204
357,0.34377957133494846,-0.03571428571428571,0.09137787950719352,-4.242725748112277
358,0.46034708986740025,0.21428571428571427,0.06929948309037669,-2.1321508791701267
359,0.2264709010907705,-0.07142857142857142,0.08702154546663286,-4.190364767356481
360,0.6712969816633629,0.8571428571428571,0.045266436116610236,-0.330375880341917
361,0.2906688641849775,0.03571428571428571,0.05562769323248334,-3.149607968394009
362,0.38533821139390523,-0.10714285714285714,0.06632532742611327,-1.0507385768868263
363,0.8979314640157824,0.7142857142857143,0.019601890061665593,0.6027999604740906
364,0.3981512278239547,0.5,0.05386481939732046,-1.7608869011224013
365,0.812785787433488,0.5357142857142857,0.028831498710025848,0.2709369454824888
366,0.4925946489348695,0.32142857142857145,0.08729120787649627,-4.79076437998651
367,0.26118338185354345,-0.10714285714285714,0.0698822658970637,-1.4753594916388004
368,0.3106771477245682,0.14285714285714285,0.06965822967341205,-2.4156021588381082
369,0.21908397702949864,-0.21428571428571427,0.06821853956944192,-1.1413538630966138
370,0.507180166547231,0.39285714285714285,0.07203653838781134,-2.002442470989041
371,0.5140063750510541,0.39285714285714285,0.0738270929755798,-2.2909437734691713
372,0.31042185577768017,0.0,0.08568876599288465,-2.8687843757019627
373,0.6054354086912519,0.5357142857142857,0.05373146238530056,-0.9824507079832765
374,0.7710871295554492,0.8571428571428571,0.03309184519180393,0.3040902723114828
375,0.45725235292202493,0.5,0.03724384626126824,-1.0566368514323528
376,0.5074947403365558,0.5357142857142857,0.0764432239433229,-2.1846464485212262
377,0.5229634107179041,0.42857142857142855,0.05677195055442376,-0.6490212139233371
378,0.6720348202736299,0.42857142857142855,0.035532650613781074,-0.23702733727676062
379,0.6002117105978755,0.35714285714285715,0.0639627104901419,-1.0102396957682012
380,0.2503860753382981,0.10714285714285714,0.057298175865952275,-2.0252036007886183
381,0.7216795173998078,0.42857142857142855,0.03823158043460871,-0.7261449249467637
382,0.9375103209277429,0.8928571428571429,0.015934602860769257,0.8261023261463809
383,0.6067284804306257,0.5,0.0650009852661029,-1.8613839809747201
384,0.8140425470551964,0.75,0.020450711788606937,0.6159733359922726
385,0.5649256583114776,0.5357142857142857,0.04503608860762603,0.19235871474991428
386,0.40947057336449055,0.17857142857142858,0.05640783964188787,-1.626126288835383
387,0.4620205968152156,0.5,0.05131986213183064,-0.8840349289171334
388,0.48721285018562605,0.5,0.05984817423096643,-1.4690126911911872
389,0.8111025361465212,0.6071428571428571,0.015243996499015032,0.6477883642749336
390,0.5867352684016992,0.35714285714285715,0.05616499949508807,-0.4323991417706978
391,0.07631716991678263,-0.5714285714285714,0.09631669161544666,-4.5666762016087095
392,0.20929828726695762,0.17857142857142858,0.07871711915305647,-3.6082768392921
393,0.3454521780203547,-0.14285714285714285,0.06101128353229505,-1.4552516615064834
394,-0.5696250980706807,-0.6428571428571429,0.034693797632080636,-0.7194559757006855
395,0.4737924824242627,0.21428571428571427,0.06288353331349932,-0.5250965077494674
396,0.4232667713498718,0.42857142857142855,0.07852152174762883,-3.478259013085557
397,0.6246833499412314,0.6071428571428571,0.02331581328947058,0.3723439551466847
398,0.5729513814907573,0.42857142857142855,0.05740454521599338,-0.5945146786519493
399,0.40640309985388495,-0.10714285714285714,0.0771893862862493,-2.271902952387778
400,0.3140472920336177,0.21428571428571427,0.04323337327788742,-0.03347078429087058
401,0.6525543258102157,0.5357142857142857,0.043701555032971524,-0.4093135400659951
402,0.3140988595389902,0.0,0.08430306827840059,-2.8977774847303626
403,0.08697126399236961,-0.2857142857142857,0.08797850217688062,-4.052285752239128
404,0.13392506531588946,-0.21428571428571427,0.07930954467966256,-2.871907727202589
405,0.49334566980487704,0.5,0.05522945041621189,-1.2571052060991716
406,0.19642177152720675,-0.10714285714285714,0.037160954405635147,-0.20218300476036744
407,0.3526507252150841,0.5,0.03721510873051914,-0.020120286857956415
408,0.6491644955098969,0.6428571428571429,0.026415603894936253,0.41092932282236716
409,0.710904091904486,0.5,0.0272375058140045,0.2726301359838976
410,0.34366130741612994,0.0,0.07312985298207468,-2.028661094998827
411,0.5895663882238408,0.4642857142857143,0.0378535531859085,0.2202605107160388
412,0.9050855605691008,0.8571428571428571,0.016940436961933713,0.7477695867537479
413,0.7027271211943105,0.6071428571428571,0.030780422240105826,0.02934738198828446
414,0.4504785968734631,0.4642857142857143,0.06798376162497724,-0.9512767602885539
415,0.2671800973902388,0.2857142857142857,0.09312601083164809,-5.249558478076068
416,0.7101329690512576,0.6428571428571429,0.02951349677964481,0.15443423733067785
417,0.4562103303908522,0.5,0.07101716567416545,-2.0279396038563386
418,0.3771137794550168,0.07142857142857142,0.10444785349761816,-5.160136430147426
419,0.6229587612761668,0.35714285714285715,0.04650735230681465,-0.07877868998984794
420,0.36972788532475104,-0.07142857142857142,0.06819996444632005,-2.065152393333455
421,0.737908968023553,0.32142857142857145,0.04121824138151629,-1.2242141664338502
422,0.46379762969938454,0.35714285714285715,0.07131431985797315,-1.586154203109702
423,0.6408734789381094,0.35714285714285715,0.037897797898760376,-0.4474800614557002
424,0.5966078284662053,0.42857142857142855,0.023950613087688286,0.2616265331243859
425,0.5614132721658622,0.5357142857142857,0.047053574235333094,0.06861486587018673
426,0.19716289562148928,-0.07142857142857142,0.10580629647381794,-6.852562254931538
427,0.6035001702618932,0.35714285714285715,0.05800325357478282,-0.767343069939499
428,0.2780580823598904,0.25,0.04280528217542066,-2.1967250297457475
429,0.5830396718337183,0.39285714285714285,0.05537933758847809,-0.4710791636262408
430,0.32374749296501415,0.21428571428571427,0.03704910895162339,0.053999489516805776
431,0.40438822594374646,0.35714285714285715,0.06862840015421313,-2.0462089111469255
432,0.8460589600756485,0.9285714285714286,0.02793419802898298,0.41470992259581063
433,0.588286815140036,0.5,0.05644908842910692,-0.4116403837475169
434,0.985609640641717,1.0,0.01124952628405306,0.9258633373063773
435,0.9268143103000448,0.8214285714285714,0.015814168308506564,0.7620764368007518
436,0.5014013634322255,0.21428571428571427,0.07756070542828206,-2.042222486307736
437,0.6138728055029741,0.39285714285714285,0.04217268964870794,0.27448897507823444
438,0.45055722084514643,0.39285714285714285,0.06815210089728961,-0.34341681318478523
439,0.5956501353339737,0.39285714285714285,0.04546543396221819,-0.2171795023323091
440,0.4719631203776446,0.42857142857142855,0.07055694823489388,-0.8149254710474441
441,0.11475843164645083,-0.32142857142857145,0.09877453360506801,-4.433772511229724
442,0.8004421975391334,0.7142857142857143,0.029154199677515234,0.3992259439111775
443,0.2630183433234874,0.35714285714285715,0.029010918796584694,-0.16498496832425502
444,0.9393478457499597,0.8928571428571429,0.010956683915183646,0.8431119843031774
445,0.9678788363556861,0.9642857142857143,0.007096802826448528,0.9244391705506605
446,0.5930470422684071,0.5714285714285714,0.022290474450005204,0.13801391881168223
447,0.041820787586337727,-0.5,0.08078333227059087,-2.0697745881027103
448,0.6345175485186241,0.4642857142857143,0.04993255797365927,-0.5995283593608658
449,0.23700885498123767,0.0,0.07613601684235592,-1.322112128080553
450,0.4761576505449067,0.39285714285714285,0.0756771818340157,-1.6124354284905866
451,0.9038283375526317,0.8928571428571429,0.016027166813337802,0.8015257046093123
452,0.3873948859605156,0.2857142857142857,0.06807286939975396,-2.0902738018067204
453,0.32604351862213105,0.35714285714285715,0.058759719431517816,-0.7014417566190891
454,0.38614306560779943,-0.10714285714285714,0.09160438433987335,-3.9179154965120766
455,0.4615905212839319,0.2857142857142857,0.04300686271673856,0.06440923390622744
456,0.8351846884603719,0.6071428571428571,0.024825759343870452,0.5385959827394213
457,0.5020758148542501,0.5357142857142857,0.027632159652920246,0.2203368403335736
458,0.36284174928692264,0.21428571428571427,0.1057308120439348,-4.26253161318672
459,0.7201731095755826,0.35714285714285715,0.04830002667819265,-1.395373197111974
460,0.632166784653663,0.6071428571428571,0.049996120617514475,-0.30631259263480026
461,0.2988120826238677,0.07142857142857142,0.08391600398911801,-3.320771708048971
462,0.040314840610778356,-0.5,0.12378517486963528,-6.16981419256302
463,0.5873795459176586,0.5357142857142857,0.06231897592180648,-1.0842312943140104
464,0.6743637651000226,0.6428571428571429,0.02377557094759482,0.4465489711071554
465,0.26163907006727444,-0.10714285714285714,0.078824662481025,-2.8796829177325223
466,0.4321935304719196,0.2857142857142857,0.05168150728819678,-0.789350200464181
467,0.5767230290700641,0.5357142857142857,0.05770395363681533,-1.3253140973790072
468,0.5688660348461504,0.39285714285714285,0.06598278316245969,-2.1330370873058104
469,0.45037735340506274,0.21428571428571427,0.07111144532726463,-1.0680551571736427
470,0.5054177442525795,0.42857142857142855,0.044017356877608375,-0.7685885723657486
471,0.10452287626508756,-0.42857142857142855,0.08819070233601131,-4.151577518843995
472,0.6922372573317103,0.32142857142857145,0.04219579105535705,-1.091008390667262
473,0.578140457130925,0.10714285714285714,0.041439880523834564,-0.4450755534845672
474,0.6158117007034564,0.5714285714285714,0.03030591930926712,0.37798498671410685
475,0.6434057501991584,0.32142857142857145,0.0439237128793774,0.07137369638171331
476,0.5942373542064795,0.42857142857142855,0.05737250634714924,-0.7699625866147399
477,0.15007682517953602,0.21428571428571427,0.042502305916190516,-0.10739925008343598
478,0.24660639968614884,0.03571428571428571,0.058166898404951914,-1.157835098507428
479,0.24220364487442186,0.10714285714285714,0.06090931033730234,-1.672888881130632
480,0.3532874149011562,0.21428571428571427,0.0907433347835399,-2.9098691066967146
481,0.49895984926953485,0.0,0.07393480252939287,-1.5917728586819608
482,0.5985643056439308,0.5357142857142857,0.02683271922704879,0.1903086079484545
483,0.6115813501445109,0.5714285714285714,0.032156395115841487,-0.004352342739459392
484,0.30672457967038935,0.0,0.07734185563413525,-1.1586347400455272
485,0.5576254413824496,0.6071428571428571,0.040109025088816495,0.2918568672329652
486,0.28639990337083304,0.0,0.07242629938836449,-4.579899171040098
487,0.45525203438923534,0.25,0.03699262828688973,-0.5254709945486591
488,0.630767324985027,0.4642857142857143,0.04865427060570898,-0.5536773173467506
489,0.5492043236932705,0.5357142857142857,0.060814214180788535,-0.8253410787315751
490,0.6139259300853038,0.6785714285714286,0.02466507971131366,0.07549171943172028
491,0.11230798946876881,-0.2857142857142857,0.11266518935658935,-6.932168234659972
492,0.3440084422367362,0.35714285714285715,0.04479358841121872,-0.06833568851715088
493,0.5536378768561574,0.6785714285714286,0.0452595328866379,-0.6918784280086401
494,0.48798053136827274,0.25,0.03030043577076089,0.16926753086574498
495,0.5028154562236623,0.42857142857142855,0.07565080804767854,-2.8601123009138583
496,0.39838521005500166,0.21428571428571427,0.041604004003375224,-0.48926877556745074
497,0.3993227321479946,0.39285714285714285,0.061943355079024175,-2.1943461315765314
498,0.5656693368093818,0.39285714285714285,0.046459059364985525,-0.0621634632386987
499,0.17683341903923008,-0.2857142857142857,0.07444310252850986,-2.1083918096610765
500,0.6106168918289477,0.5357142857142857,0.03653311920825865,0.05899704765213698
501,0.24245944967955316,-0.17857142857142858,0.08304312090188762,-3.500951010426437
502,0.4594408374451529,0.14285714285714285,0.06847655064057803,-1.2626450941629073
503,0.5283898795302847,0.42857142857142855,0.05225282388418184,-0.2596329417329677
504,0.5159081851649047,0.4642857142857143,0.02562385264239675,-0.026858025325213974
505,0.027040429681463706,-0.42857142857142855,0.10968872856375013,-4.86281815225711
506,0.16627497405682287,-0.25,0.08558778992614582,-2.6692272633369876
507,0.4491750562957375,0.5,0.08627362064357236,-1.610130720824539
508,0.3536378039142091,0.17857142857142858,0.08306944753375675,-1.6956680760346252
509,0.6129428173458804,0.4642857142857143,0.056170729242715274,-1.1695751656006292
510,0.3213160724065902,0.42857142857142855,0.06074961091721652,-1.0314156548924083
511,0.6280930518873331,0.5357142857142857,0.03771321337502593,0.13233741359235252
512,0.6291261609190958,0.4642857142857143,0.05316618853047967,-0.7552665990089202
513,0.3193699945113532,0.0,0.06759810863028065,-2.7696716330817317
514,0.5874777880957137,0.5357142857142857,0.05901370634396678,-1.124549568057526
515,0.6081723271502986,0.4642857142857143,0.04434282156073883,-0.2538759385384215
516,0.6237669315924039,0.5,0.053805188773067635,-0.29025638366442985
517,0.38010623156534434,0.4642857142857143,0.07169429728067965,-1.7793890090890083
518,0.1948085543779441,-0.21428571428571427,0.06150202099997028,-1.159328407747291
519,0.5303813060399434,0.42857142857142855,0.050311531299800594,-0.15397449780076333
520,0.5802095113619962,0.39285714285714285,0.07138387180218794,-2.238977748293219
521,0.6684275573923225,0.39285714285714285,0.039196601792851206,-0.10924258838374978
522,0.66291873333734,0.5714285714285714,0.041926209406625725,0.1096933600386758
523,0.5239966826380763,0.5,0.050597584759019716,-0.1659450925638868
524,0.1303234469823363,-0.17857142857142858,0.10201453834751273,-7.158617111265729
525,0.48441183836445334,0.35714285714285715,0.0665839761960058,-0.977986082027086
526,0.635654405892173,0.5357142857142857,0.0497117476736718,-0.1365175106614771
527,0.7957310699010939,0.8214285714285714,0.02061460283508151,0.622817408485181
528,0.9463551431746873,0.8928571428571429,0.012451711220523931,0.8579556215659785
529,0.4205792141116639,0.4642857142857143,0.055231785521282405,-1.7150553690848267
530,0.4190527568595432,-0.10714285714285714,0.07197600883224364,-1.654373150269819
531,0.7278750023420137,0.6071428571428571,0.044754086957530005,0.08367639074492061
532,0.37177582741951093,0.21428571428571427,0.08065341828971408,-2.1643921830948893
533,-0.2218860639357635,-0.32142857142857145,0.04123554685905809,-0.7234179456986505
534,0.5129541838655468,0.14285714285714285,0.045120959248487184,-0.5327562846505633
535,0.594377608609146,0.5357142857142857,0.05276755405982266,-0.7940974072259239
536,0.49610946946897677,0.32142857142857145,0.06049299144453725,-0.8376925911241908
537,0.5820106690728964,0.6785714285714286,0.03146846504902031,0.3375374794859861
538,0.4299054221541977,0.4642857142857143,0.05976626693473809,-1.337453322854698
539,0.5383562995551354,0.35714285714285715,0.0686408129722397,-1.1150892499440164
540,-0.29836631922301327,-0.2857142857142857,0.048646279221144346,-1.138802729467724
541,0.2906832210122632,-0.14285714285714285,0.07381204249378073,-2.615032647380801
542,0.6925120647048997,0.75,0.029456515690908153,0.4790690978899156
543,0.33877526392797425,-0.10714285714285714,0.09191151029991082,-2.526849516380255
544,0.9054196086054971,0.8571428571428571,0.013485025993334772,0.7384915712322341
545,0.09456629485557352,-0.32142857142857145,0.093217212486745,-4.186216903035735
546,0.4240290580105908,0.42857142857142855,0.055877609464568635,-1.0368636172435566
547,0.055911070770282234,-0.21428571428571427,0.09109211341821748,-4.110758690331966
548,0.2367570654301334,-0.03571428571428571,0.06755080092091063,-2.2126060909653864
549,0.6886590916611008,0.6785714285714286,0.04586222633887344,-0.5936533295452706
550,0.5757498694624188,0.5,0.0722236467144853,-2.304007877805049
551,0.45808999537686507,0.14285714285714285,0.03504582114356296,-1.017550471395091
552,0.7678510375504625,0.4642857142857143,0.03729455479144323,-0.2230173747751487
553,0.3822148129761281,-0.07142857142857142,0.07482085485741644,-1.6260529519825293
554,0.31110136682015926,0.2857142857142857,0.07199977929191015,-2.478754990281127
555,0.5811914840694575,0.4642857142857143,0.031379110515405366,0.2852497363220242
556,0.3055846282501985,0.14285714285714285,0.08458096014127581,-5.865571594089739
557,0.1959562384690428,-0.2857142857142857,0.0726151170573853,-1.7359794264094437
558,0.31927207606763885,0.0,0.07191531671621045,-3.0686049333295546
559,0.760774299001455,0.5357142857142857,0.0235508135754801,0.5638950622207246
560,0.8588794955619922,0.75,0.021236628236869243,0.5318626348520774
561,0.36666004843410155,0.03571428571428571,0.05095444191749164,-1.634100151483569
562,0.6562204314918602,0.39285714285714285,0.05357140382847432,-0.3004673389009682
563,0.7460206041926359,0.7142857142857143,0.024799532810138997,0.544123460321416
564,0.4778108256836523,0.5357142857142857,0.05727687265914849,-0.538792323501627
565,0.8531671021923459,0.8571428571428571,0.019896683132698073,0.7263495566222662
566,0.4687279599563488,-0.03571428571428571,0.09030799085845062,-2.5863810666892983
567,0.29157448384527773,-0.03571428571428571,0.053878241768185564,-1.1150269424789183
568,0.2516755213023097,0.0,0.07549591045484293,-2.148970264225879
569,0.6739912546405843,0.5714285714285714,0.02614479982766951,0.3838509920921287
570,0.8347438592350996,0.8214285714285714,0.020521074549326557,0.5891734838007823
571,0.5938962642265514,0.4642857142857143,0.049463344751047,-1.200510246885683
572,0.6247266382378052,0.5,0.05429392302640751,-0.8864743077256174
573,0.5061467988035919,0.39285714285714285,0.04512408485908679,0.13177745340798508
574,0.6532444805561465,0.39285714285714285,0.05288318172095631,-0.2461772107048812
575,0.6987338551256653,0.4642857142857143,0.043679481506570084,-0.3368518850715545
576,0.30678841211328806,0.2857142857142857,0.02249122204183196,0.024698844297811773
577,0.5711632954367247,0.32142857142857145,0.03751709578938499,0.30024184444238367
578,0.5669436524214259,0.35714285714285715,0.07015899396463995,-1.0405536635689474
579,0.13876860682844777,-0.21428571428571427,0.09972091356051259,-6.877548818729728
580,0.1684519260010952,-0.21428571428571427,0.10268603041239008,-6.514808383450295
581,0.582959625575359,0.6785714285714286,0.05252795097183379,-0.8006727230023134
582,0.4873229805331581,0.39285714285714285,0.0654101837599306,-1.5081887776133156
583,0.5713582450230246,0.5357142857142857,0.04616253207594973,-0.20131176848996568
584,0.580667315047482,0.39285714285714285,0.056701310449206996,-0.3419189455314551
585,0.21885570913567293,-0.03571428571428571,0.08824885351919384,-6.366069720008378
586,0.47286078471356185,0.32142857142857145,0.07019276285555932,-1.223733070235134
587,0.3561086505816136,-0.07142857142857142,0.08086529707280483,-1.039531699015479
588,0.7532174160609607,0.6071428571428571,0.0355418736494618,0.2607810020982626
589,0.694065104647768,0.5714285714285714,0.04758119151391622,-0.10682445589153211
590,0.994166529054211,1.0,0.0073663786097388825,0.9544757110527381
591,0.695923577254711,0.7857142857142857,0.030864679076311997,0.46717266773358
592,0.8292513936057411,0.6071428571428571,0.01752964029217058,0.6806240261423424
593,-0.2261465408206525,-0.21428571428571427,0.042946984809572056,-0.6992357053115834
594,0.31963573518343646,0.0,0.10600608531278355,-3.4582300839942093
595,0.5458150449640482,0.39285714285714285,0.06220912926801698,-1.2196351348012868
596,0.5182486642367679,0.5,0.06898722793327342,-1.6526149314414758
597,0.17823376401826102,0.03571428571428571,0.0922514549429539,-3.909358417035655
598,0.19123628557207528,-0.14285714285714285,0.07984206545791654,-4.598927778900878
599,0.09912882911256302,-0.2857142857142857,0.08611717414613287,-4.320148925300591
600,0.1958947397494994,0.07142857142857142,0.07386542787058316,-2.58306958037733
601,0.42239103140198914,0.42857142857142855,0.06503394661018914,-0.8281972445041839
602,0.5512931760446301,0.42857142857142855,0.07224894965102605,-1.9219428082974206
603,0.5120827180906988,0.4642857142857143,0.042837361010366226,-0.0531826521144676
604,0.7059814771898137,0.6785714285714286,0.020989726901690892,0.2735410946695568
605,0.5361725903965914,0.21428571428571427,0.05415789421422483,-0.41210602124093443
606,0.11065803616907556,-0.2857142857142857,0.08814458804129503,-4.459411281184676
607,0.5822484600511004,0.32142857142857145,0.06323586396026971,-0.7780899095974629
608,0.43278661346188063,0.2857142857142857,0.08114499544390416,-1.2415205866779777
609,0.06480275714020856,-0.32142857142857145,0.0880281342860926,-3.0231310514463248
610,0.2723685741572902,0.17857142857142858,0.07700899186144297,-4.036651564419963
611,0.5183630430209044,0.5357142857142857,0.0795861041574427,-2.602297049288825
612,0.5618254038916061,0.5357142857142857,0.05600965362114215,-0.690037721114007
613,0.48021155155963113,0.14285714285714285,0.07845093099611081,-5.567734898627101
614,0.19279996981590983,-0.2857142857142857,0.08870171080869314,-4.421675240457986
615,0.2271767307292061,0.0,0.08547964405132535,-4.354207721198775
616,0.3241159840550234,0.14285714285714285,0.07022220587407016,-3.346752199625911
617,0.3474717691935472,0.25,0.08328468168715787,-3.5086412895767447
618,0.4843196116194102,0.39285714285714285,0.08131838732915284,-2.340898405635108
619,0.47654533042640607,0.03571428571428571,0.06190914706937704,-0.4327277991542948
620,0.40643501766345047,0.35714285714285715,0.04591986958048349,-0.18605064549022376
621,0.5418080754553596,0.39285714285714285,0.05617043515831939,-0.46963792074826993
622,0.2028717823601859,-0.21428571428571427,0.09549089976116695,-6.043957428446939
623,0.44220689401071983,0.21428571428571427,0.08223797244303324,-2.404609787822462
624,0.5599644719604802,0.5714285714285714,0.04140952342462615,0.2539123529813818
625,0.5424516759853648,0.5,0.06838081541155873,-0.8832560047196891
626,0.0014667220324414087,0.0,0.04550997018731905,-0.5225959315031599
627,0.5619714189003482,0.39285714285714285,0.06432375081065171,-1.723820601244499
628,0.683949242900261,0.5,0.029610631252773294,0.21029204428807857
629,0.43481116757924554,0.39285714285714285,0.08181958243646727,-2.6796601361079215
630,0.0191291297797528,0.10714285714285714,0.0387255500001847,-0.3146177821096119
631,0.34437803788180565,0.21428571428571427,0.034788986722673304,-0.025773339303245324
632,0.28304583459976473,-0.21428571428571427,0.061779197379627164,-1.058723323372233
633,0.33155363364240875,0.21428571428571427,0.035143215213420405,-0.7540882340680666
634,0.7566821229880659,0.6428571428571429,0.02733880159380978,0.16665530858014233
635,0.4989620130992362,0.39285714285714285,0.07013339120626563,-1.6517586472763393
636,0.5890906035682211,0.39285714285714285,0.053828391073150704,-0.7006968786330827
637,0.484333371995109,0.32142857142857145,0.061904537866891936,-1.2123054497595982
638,0.8891415516879202,0.8214285714285714,0.014572625670725517,0.7854986373449486
639,0.591873814694078,0.39285714285714285,0.06898501660194714,-1.0710710790887314
640,0.763301572362763,0.5714285714285714,0.02294720139795258,0.4641406841324959
641,0.9855524101766772,0.9642857142857143,0.009764715512805009,0.9405685584839747
642,0.2488983551072941,0.5,0.033657608524927184,0.013159517753831285
643,0.8134355207444756,0.75,0.02689740271178323,0.6022334553532034
644,0.3865736705320336,0.07142857142857142,0.06817358766177616,-1.64993550503588
645,0.5859158596735222,0.5357142857142857,0.06337360517298633,-0.908277545298636
646,0.48641065988957843,0.25,0.06350548211305758,-1.303572927006618
647,0.2532280885006012,-0.21428571428571427,0.06903722142459123,-2.623069243474847
648,0.5059596172677135,0.35714285714285715,0.05548203098342663,-0.6367235265354125
649,0.3004759769849174,0.2857142857142857,0.05382242050049812,-2.303277737345006
650,0.11678711803223653,-0.32142857142857145,0.060905622041501954,-1.7898189506100426
651,0.9135132140258585,0.9642857142857143,0.01687813183674924,0.7377665179484117
652,0.33659648395399583,0.21428571428571427,0.0717647643514444,-2.7347909570581606
653,0.5805364270722495,0.4642857142857143,0.05361677263986269,0.019544460777069506
654,0.5421578177568525,0.42857142857142855,0.06194005619477762,-1.6211137535206759
655,0.6208755123767655,0.42857142857142855,0.05507727238210776,-0.6384248916484507
656,0.5110818680012206,0.2857142857142857,0.07632137997395637,-1.772345107086211
657,0.17665248120935131,0.03571428571428571,0.026835895629061034,-0.11682192890008203
658,0.7063514747676427,0.6428571428571429,0.023203153162326746,0.4310677195306777
659,0.5217252391883073,0.42857142857142855,0.06820791984501393,-1.9287286885464807
660,0.29046748271903416,0.07142857142857142,0.04908925076434995,-0.20028130408003686
661,0.6355563841856118,0.5714285714285714,0.05081334813095307,-1.3875181621907666
662,0.140675342974508,-0.4642857142857143,0.07267504518454386,-2.157182243342851
663,0.49953086752249853,0.42857142857142855,0.04068944822149255,-0.7603569341391565
664,0.2808675821215526,-0.07142857142857142,0.07625605294417222,-2.2476538168556273
665,0.3272798852421479,0.17857142857142858,0.06763308647253789,-1.8114462912890836
666,0.7479963205343586,0.4642857142857143,0.03383996189606224,0.32509120702917593
667,0.2435947200968894,0.03571428571428571,0.08212543561701777,-1.8094995312867663
668,0.5058714783811865,0.2857142857142857,0.04077279645731522,-0.12266381958727424
669,0.670805606566172,0.35714285714285715,0.046096965184994225,-1.1782099091975882
670,0.49409087858466005,0.39285714285714285,0.07803625644282455,-2.3827990161812993
671,0.2972835182641711,0.07142857142857142,0.07244824822736173,-2.4064009741644687
672,0.6252188212153864,0.6785714285714286,0.03293120542364371,-0.5684210112823445
673,0.7441466556012727,0.5357142857142857,0.02060240649524541,0.5291484503181794
674,0.34090907389679154,0.21428571428571427,0.05811667479443144,-1.93456334647454
675,0.19172745444935294,-0.03571428571428571,0.08373256980524964,-2.9165071256188213
676,0.5094923773525863,0.39285714285714285,0.06994247376136367,-1.47018390142676
677,0.6697629449041735,0.75,0.03280272264252434,0.0793560476280204
678,0.5809580951984097,0.35714285714285715,0.07019648566539664,-1.6083107284299687
679,0.26688601668434897,0.32142857142857145,0.0709586495990495,-2.260790748771043
680,0.4472526279751813,0.5,0.06128130190540125,-1.5152534811700575
681,0.19931615720208679,0.21428571428571427,0.07952170258374462,-2.337577405859883
682,0.3493268946597428,0.21428571428571427,0.1191171118251114,-6.165403617051515
683,0.36044687584275975,0.21428571428571427,0.06702353632839413,-1.210993901511098
684,-0.49877866476696736,-0.10714285714285714,0.04645212588574637,-2.743559489302503
685,0.5419697222336679,0.5,0.058706043485170514,-0.6816947851858706
686,0.6764947434076642,0.4642857142857143,0.04422854744677816,0.0179060619886362
687,0.43940697099594067,0.5714285714285714,0.07483812217268085,-4.309760595727666
688,-0.1966166336926199,-0.21428571428571427,0.04705414625309523,-0.7324693068757717
689,0.2995956052192728,0.0,0.07244107927503783,-2.882776957933131
690,0.4923118367618951,0.32142857142857145,0.037307079757929316,-0.34618177915697235
691,0.43715366892795093,0.42857142857142855,0.04348862923731578,-1.313855178229371
692,0.4727957943437653,0.10714285714285714,0.04479704892385962,-0.7425880133980882
693,0.34370701593052205,0.17857142857142858,0.06354569963502868,-1.2970201474078071
694,0.5197642888727065,0.4642857142857143,0.05191677163681866,0.19851215346240447
695,0.031489568211533495,-0.21428571428571427,0.09773033746590427,-4.669458451595065
696,0.29784615224811684,0.17857142857142858,0.05387972881433573,-1.5383064016121448
697,0.3143802120556391,0.0,0.08755593498816092,-2.3430313156034153
698,0.11670157052104117,0.14285714285714285,0.042248808650059165,-0.18468936185919893
699,0.7345804982231953,0.42857142857142855,0.023462924500130714,0.5101624708992413
700,0.7944519175755586,0.35714285714285715,0.04212129084432332,-1.2000590420273496
701,0.6848467887771122,0.5714285714285714,0.026515671976780862,0.394089674358886
702,0.30276586330844485,0.0,0.07545448180730914,-3.355533062218022
703,0.8391901913236031,0.8571428571428571,0.027383901815279714,0.5852015942309063
704,0.6153925821224451,0.32142857142857145,0.06612244735607507,-1.520927099083897
705,0.6128614987696133,0.32142857142857145,0.04214006075177819,-0.2843733908973154
706,0.5868874267388423,0.39285714285714285,0.06014403197378269,-1.247301195621339
707,0.26021895523819955,-0.21428571428571427,0.0828202946318609,-4.014474337899372
708,0.06853253072764753,-0.32142857142857145,0.11331981554034229,-4.759683540579337
709,0.4645255809528761,0.39285714285714285,0.06604311772738665,-1.045342866379389
710,0.6099702679592148,0.39285714285714285,0.05667740772311218,-1.2549923546126909
711,0.776814886397233,0.8571428571428571,0.031687120227862645,0.4214639041886611
712,0.5960880484166861,0.5,0.053713109150724435,-0.6886879796119485
713,0.1314308983712473,-0.14285714285714285,0.04752054203568601,-0.34997908338661765
714,0.46136203946397963,0.39285714285714285,0.07580993689344236,-1.7873715323869694
715,0.5217234284020102,0.5,0.031496635906380625,-1.3446192337271894
716,0.20128480006454386,0.10714285714285714,0.07468445680237833,-2.1256271686518082
717,0.18226459390984265,-0.03571428571428571,0.08226899572279847,-3.2978495976089164
718,0.6411235720468227,0.6071428571428571,0.029479990720828086,0.28211213028084714
719,0.15922010694643868,-0.21428571428571427,0.08782266009680954,-5.120086043593996
720,0.1001364752931946,-0.07142857142857142,0.036825762569816116,-0.23228452411052092
721,0.41187677725649874,0.21428571428571427,0.07099411865858901,-1.2170078942105493
722,0.6909521418924278,0.5,0.023897252058619596,0.4437532769504354
723,0.6133245295280491,0.5357142857142857,0.05900417411311095,-1.2073494326556995
724,-0.15356658691894812,0.07142857142857142,0.03028822565861266,-1.0007811393094346
725,0.7475732924196145,0.5714285714285714,0.027668010989222742,0.38128771836657316
726,0.6589389742947335,0.5357142857142857,0.045573624281360914,-0.05932481847045579
727,0.6325565837760155,0.4642857142857143,0.04017452389211867,0.3092155836076661
728,0.0639008058399282,0.2857142857142857,0.044865978601517593,-0.11360011015773441
729,0.5749363120814502,0.5714285714285714,0.0420837291909733,0.2694834642112487
730,0.33691073585731834,0.21428571428571427,0.11447661092053261,-4.703111180404609
731,0.5009918864246855,0.39285714285714285,0.038562327319824063,-0.29013402468229144
732,0.4765347647251714,0.39285714285714285,0.029790856228465046,0.19299065187901598
733,0.6433715955543051,0.5357142857142857,0.04219086786464109,-0.1314935464414746
734,0.35874490101295836,0.21428571428571427,0.05488027524434613,-1.6470341360143763
735,0.05774114301393939,-0.10714285714285714,0.04666390720725389,-0.9547495667451038
736,0.5308859088523107,0.39285714285714285,0.07365241688557259,-2.054652318586493
737,0.38636681456795885,-0.03571428571428571,0.09051929594972553,-2.8837498538910338
738,0.773798549914558,0.75,0.0329475268726765,0.5313791647497879
739,0.5712717177539688,0.32142857142857145,0.06951969591641764,-1.4932709612685495
740,0.5576055936905123,0.35714285714285715,0.06043444069070927,-0.5357903925930345
741,0.592313112300335,0.5714285714285714,0.0311427272081575,0.3459216456183324
742,0.4521793609554653,0.5357142857142857,0.026829696293551232,0.18879523997346304
743,0.37636522976878006,0.0,0.06903706062609254,-1.4832706582786281
744,0.43158473079719045,0.35714285714285715,0.055395438851180534,-0.9405666645737958
745,0.413986862588905,0.21428571428571427,0.05283339705801836,-0.1546208173354271
746,0.007640048332461536,-0.03571428571428571,0.038446677101577065,-0.25824744616421746
747,0.9214280942627487,0.8928571428571429,0.0183112739013409,0.7985162198434641
748,0.4325391021534539,0.2857142857142857,0.029404104501830005,-0.06426633443981156
749,0.6766157471438021,0.6071428571428571,0.036478122530272876,0.10104708111424376
750,0.40362731088254894,0.14285714285714285,0.06544967261970772,-1.2638813705581828
751,-0.3190949877942288,-0.39285714285714285,0.04071115580959531,-1.020030101025032
752,0.4142191297016451,0.0,0.06976760952455373,-1.108417733350787
753,0.2332557712424504,0.14285714285714285,0.08485341185700049,-2.7528673987081507
754,0.5869423388929362,0.6071428571428571,0.04396107176351197,-0.16138598881487987
755,0.38663607400701683,-0.10714285714285714,0.08694389838126948,-3.1910560237212318
756,0.4483338746674474,0.5,0.050200057023369826,-0.9808385328749718
757,0.5767329304860268,0.5,0.07687971994534779,-2.8356836247875665
758,-0.5934258409163973,-0.42857142857142855,0.048621697481793714,-2.121628973551327
759,0.7252270404198912,0.5357142857142857,0.04451102210635267,-0.10570178113579276
760,0.3510989737267054,0.14285714285714285,0.07822516958524725,-1.9481502514454814
761,0.25444579266359424,0.21428571428571427,0.06645445663434028,-2.7073371725226254
762,0.3208179147821281,0.25,0.08698337598097505,-5.39585890375726
763,0.6573168787055143,0.6071428571428571,0.028012973565087775,0.3793185073673353
764,0.6301459021825955,0.39285714285714285,0.048527642405767436,-0.48214693028864697
765,0.5591364197546255,0.5,0.0634718733558959,-1.0369124960190925
766,0.33365875502152575,0.21428571428571427,0.03736133283481004,0.018786074561654376
767,0.6280025747476966,0.5714285714285714,0.019634044587154207,0.11918970353800873
768,0.5653833877080796,0.39285714285714285,0.06321152999669546,-1.0294430151706568
769,0.6074447182993314,0.39285714285714285,0.038801843151198216,0.1721213376956675
770,0.501933137248946,0.35714285714285715,0.059661920446015634,-0.7260997767153041
771,0.7762873077064626,0.6428571428571429,0.021422450181693756,0.5487921159277581
772,0.6622841634707824,0.42857142857142855,0.0409521149112303,-1.2651871894536435
773,0.29591668936703397,0.03571428571428571,0.04944004968750233,-2.4972533324567867
774,0.5701729382063422,0.32142857142857145,0.07519646082953257,-2.4411852245309027
775,0.7669235011777166,0.5714285714285714,0.040276947679816995,-0.47294874143362997
776,0.866067230044229,0.8571428571428571,0.022719301363084688,0.7442504530024099
777,0.11013308296753702,-0.21428571428571427,0.11993553534162503,-8.595271903208141
778,0.67759501918605,0.5357142857142857,0.0495521123523968,-0.4182287226411294
779,0.6201898716121264,0.4642857142857143,0.04134060451922556,0.1871004827025169
780,0.5567945336531595,0.5714285714285714,0.04811746734794327,-0.49741036814145967
781,0.5808630160411793,0.39285714285714285,0.04712298466029442,-0.01367852674408443
782,0.7007037183290323,0.4642857142857143,0.046882668364831966,-0.616218462683549
783,0.8059273664568237,0.4642857142857143,0.02808057282413473,0.4342937456797812
784,0.4646635992869409,0.2857142857142857,0.05812665365622257,-0.21396502212965762
785,0.4519150658397711,0.39285714285714285,0.027040586249484366,0.16267042793257025
786,0.11231644158355972,-0.07142857142857142,0.07946590418846587,-3.730119834375772
787,0.16806949590908066,-0.4642857142857143,0.0941413744243974,-4.127655840910881
788,0.769865911936785,0.5714285714285714,0.028475698878316618,0.48298617410178857
789,0.7501782761793545,0.6071428571428571,0.031137132123820542,0.0932613328647911
790,0.4662195047604869,0.35714285714285715,0.057545557959877654,-1.0686094371943105
791,0.6735261680223069,0.39285714285714285,0.04937488191500093,-0.07458831951261091
792,0.6443537352444774,0.32142857142857145,0.06728451744751227,-2.1424636572307874
793,0.3893552194227487,0.32142857142857145,0.03514006547888955,0.10063971675517092
794,0.5918932517808124,0.35714285714285715,0.041707713420604864,0.25768110334697736
795,0.4584095750314737,0.25,0.07349407245858378,-1.8292695963019732
796,0.15876612849152447,-0.42857142857142855,0.09202327868136595,-5.365853396519617
797,0.5483625443593355,0.5,0.06547258521757861,-0.7130872510770396
798,0.5115619179228647,0.42857142857142855,0.06151087632356701,-0.08037174548402914
799,0.6517970003695884,0.5,0.025683340191454563,0.37807985046490833
800,0.3547465075566315,0.17857142857142858,0.0658969557541029,-1.963931936660681
801,0.7075104550801123,0.7142857142857143,0.028860434810845798,0.32481394006745723
802,0.575583977043778,0.35714285714285715,0.05856980159138673,-0.6808625659057812
803,0.37743912439804284,-0.07142857142857142,0.07212137408058648,-1.161597361730923
804,0.7808923496617628,0.6428571428571429,0.017658453751954486,0.5997857265951367
805,0.2799875908556312,0.03571428571428571,0.07493771110776051,-1.7001582302130198
806,0.4168757894064005,0.17857142857142858,0.04157820364197269,-1.162158879722036
807,0.26085107428913246,0.0,0.07846722576858353,-3.0641343626940287
808,0.4513733801689027,0.21428571428571427,0.040498143018921975,-0.5856652252280274
809,0.4186492623360353,0.0,0.07143378367886155,-2.0499548970389676
810,0.4589645772959014,0.39285714285714285,0.03575354145460591,0.07398137745745226
811,0.557182957109145,0.6071428571428571,0.044970543188713775,-0.11861452116432902
812,0.4518996221520272,0.21428571428571427,0.0706869227668304,-0.9023250849244651
813,0.4290412914374441,0.5357142857142857,0.028735610539220056,0.1506500965519757
814,0.789325477992822,0.7142857142857143,0.03189646668146352,0.27356295005887477
815,0.21305821921746199,-0.21428571428571427,0.07280685710885744,-2.448139698095292
816,0.5207357619661827,0.39285714285714285,0.06846102723128425,-1.6402223377935647
817,0.5809356410882105,0.39285714285714285,0.06559618167874844,-1.9592279046603402
818,0.26391891213545254,-0.17857142857142858,0.05743471455343833,-2.0750727715294137
819,0.38071119555791855,0.14285714285714285,0.07578727449738133,-2.2263263014486374
820,0.5421547900121018,0.42857142857142855,0.04987675854510417,-0.3755041935689567
821,0.5084282536274746,0.4642857142857143,0.0560563537384405,-1.3956171077931945
822,0.43338501615709235,0.35714285714285715,0.07495055794790519,-1.3731849829583056
823,0.7926735710712346,0.5357142857142857,0.01995890775135018,0.5742430383164663
824,0.5476569300767279,0.42857142857142855,0.05893288905059398,-1.7129906770953118
825,-0.26873089363792013,-0.17857142857142858,0.029086085791875917,-0.5063763936565642
826,0.25519862515499697,-0.14285714285714285,0.07712635350680083,-3.375299481680326
827,0.8072996697051686,0.5357142857142857,0.021435195638374902,0.6178957506757624
828,0.35488257859148237,0.21428571428571427,0.05770002016909411,-2.8786359283651053
829,0.9759765308519658,1.0,0.010943781949183449,0.9168873131901037
830,0.9247235764348346,0.8214285714285714,0.012727784392134442,0.7837892207249406
831,0.968373346985504,0.9285714285714286,0.008182490059148593,0.9168293915554296
832,0.5256754132683239,0.42857142857142855,0.0519195472667649,-0.3442322420087547
833,0.39885335954631185,0.32142857142857145,0.03843515817687565,0.14735256570463062
834,0.7472728023052421,0.4642857142857143,0.04095858191320324,-0.28288570842766214
835,0.2841918142977346,0.0,0.021692730058868143,-0.006253891773242426
836,0.6296804752581979,0.4642857142857143,0.05311449130937611,-0.9519244558286744
837,0.9201439656365207,0.9285714285714286,0.01663939942454528,0.8200902459351974
838,0.9588615951696048,0.9285714285714286,0.009288431660295363,0.8988693185561493
839,0.3776793418827286,0.10714285714285714,0.0907288727716857,-4.013285925997849
840,0.3421918805978479,0.39285714285714285,0.07778857450380447,-1.902857819197632
841,0.4584203138149075,0.21428571428571427,0.06531555278584096,-0.5452323945346169
842,0.5252600069628067,0.2857142857142857,0.07694491770928472,-2.1696514066642103
843,0.5921552316681227,0.4642857142857143,0.0537760836167277,-0.689856486736772
844,0.5620423956503963,0.42857142857142855,0.060492390154278194,-0.8225593136940641
845,0.2971276598622499,0.10714285714285714,0.07731562171072826,-2.2430715458323505
846,0.4979848579634365,0.5714285714285714,0.04864825223433918,-1.182888037045338
847,0.5519669040941212,0.6071428571428571,0.06135936955873188,-0.4227910158913686
848,0.553192077064283,0.39285714285714285,0.06773277848783994,-2.0704350512910192
849,0.7236619097455603,0.6428571428571429,0.03133913868270759,-0.25408321283216795
850,0.04751726381033887,-0.32142857142857145,0.09381221030105427,-4.333861711092079
851,0.5273059968731278,0.42857142857142855,0.06885708473121019,-1.2865048062615965
852,0.6008917399619815,0.32142857142857145,0.06870446550186696,-1.541093729837467
853,0.6079490941143001,0.42857142857142855,0.030474653537229505,0.34755911080233415
854,0.2856454769971553,0.2857142857142857,0.024701812548573197,-0.06182026229933846
855,0.8681735595451144,0.6071428571428571,0.01918705302381637,0.631581962614509
856,0.31395432336151446,0.14285714285714285,0.07524965392542338,-0.6617943659767886
857,0.6545769722756719,0.4642857142857143,0.05297499196212447,-0.8892636813965273
858,0.766409770876825,0.8928571428571429,0.0351723048592044,0.25519150442154104
859,0.331270398970565,0.14285714285714285,0.05123043058879921,-0.74620406349246
860,0.2914626868576772,0.21428571428571427,0.05693299502292198,-2.5022674628677373
861,0.21747571615567676,-0.10714285714285714,0.11324449470409,-8.055930117566904
862,0.47738491375045455,0.2857142857142857,0.05250923661944752,-0.8249210917903915
863,0.34619238101592725,0.14285714285714285,0.062065545536222975,-1.4556066236278755
864,0.6154264405720004,0.6785714285714286,0.04221988715653075,-0.4362716883608453
865,0.3698135976080098,0.21428571428571427,0.08606068353381627,-2.853347975715027
866,0.3527004263123808,0.07142857142857142,0.08336877219870295,-2.749711529015559
867,0.3995624687745874,0.42857142857142855,0.059089079536109916,-0.6314454898205155
868,0.25916794108864366,-0.10714285714285714,0.09586013775527737,-4.139971167685511
869,0.7389062554911932,0.4642857142857143,0.04310813714180577,-0.665188109815003
870,0.5444045011600988,0.17857142857142858,0.063060963880888,-0.6944360688058828
871,0.5528483471989749,0.39285714285714285,0.05726971827011499,-1.2492084900623017
872,0.42201252371217957,0.35714285714285715,0.07874311358442403,-1.1839581022698602
873,0.576495077718951,0.42857142857142855,0.02960644379627564,0.0382097440990804
874,0.8234531547035244,0.6428571428571429,0.01895061851580802,0.640000689509314
875,0.6350942970623751,0.32142857142857145,0.06035265825334885,-1.161100788721427
876,0.3469617912231858,0.07142857142857142,0.07413374873725753,-1.5408207774780132
877,0.4660725005803963,0.4642857142857143,0.06096289845137191,-1.0765172651593664
878,0.9046042045164074,0.8571428571428571,0.017775473622653342,0.7855305008594387
879,0.08296694393741082,-0.5357142857142857,0.07233239053051987,-4.118199947981763
880,0.4051790120902179,0.2857142857142857,0.05504303475839117,-0.2722094826266155
881,0.2214527952616411,0.14285714285714285,0.09525103630629077,-5.249520310192663
882,0.5773095697264007,0.6071428571428571,0.030443707596416094,0.32691010469442916
883,0.5788176147827488,0.32142857142857145,0.08404012171205152,-3.426767513689099
884,0.33478395711530007,0.07142857142857142,0.09167655171244435,-3.295029389743413
885,0.29232377230937545,0.2857142857142857,0.04876617357100854,-0.17341568149868847
886,0.29434809036880943,0.0,0.07982105130219465,-5.588345341344031
887,0.46426178576945687,0.32142857142857145,0.058357309119517024,-0.11797772666333817
888,0.03202868608369502,-0.2857142857142857,0.09879260807456196,-2.9390387819983195
889,0.5747247427427046,0.4642857142857143,0.042346639109130044,-0.4028896285431196
890,0.4291605531750683,0.35714285714285715,0.06676628777481072,-0.7080944218023519
891,0.5566734621705869,0.4642857142857143,0.06381415971055603,-1.2153570242598257
892,0.34136108683037225,0.14285714285714285,0.09097325853894626,-2.209587727806493
893,0.6113703790959181,0.5714285714285714,0.04816298874910412,0.030025085110752414
894,0.6613292531018614,0.32142857142857145,0.05233440396512895,-0.5288442683352816
895,0.20980656281175458,-0.07142857142857142,0.06186940378622241,-1.801889870697265
896,0.17217533276657154,-0.03571428571428571,0.07807725616332403,-6.143547016852845
897,0.1479647057902787,-0.32142857142857145,0.09197409284336588,-3.185910182849339
898,0.3249227556380518,-0.10714285714285714,0.0657121792349638,-1.2788950509110917
899,0.2228957339664834,0.03571428571428571,0.05534317549206507,-1.329374617169428
900,0.046886380754003185,-0.42857142857142855,0.11882330415479059,-4.95114052699299
901,0.30716471462626266,0.21428571428571427,0.04014509010976581,-0.41918839383355144
902,0.5374950948246476,0.42857142857142855,0.06732560810116943,-1.33443665791315
903,0.5920774132842287,0.6071428571428571,0.056868738195944714,-1.0242367197253226
904,0.19922130150927822,-0.03571428571428571,0.10148258859141544,-5.009291279825009
905,0.4513201690438749,0.07142857142857142,0.042248660910627525,-2.584738604597465
906,0.5170689947571387,0.42857142857142855,0.05172305388275179,-0.21377336694491111
907,0.2920088706253527,0.14285714285714285,0.05674440313185976,-1.0957908519920654
908,0.5703213023498659,0.5714285714285714,0.03550905327580254,-0.36749038047587534
909,0.6362599311443985,0.6071428571428571,0.05551918898427059,-0.8149599988060254
910,0.7891925978009982,0.5714285714285714,0.03899919990146917,-0.6682947938641766
911,0.8929986893875409,0.75,0.019053598180978897,0.5117313577828013
912,0.701064114155299,0.5,0.031728457032400306,-0.20084511058524268
913,0.6094957500199863,0.75,0.02967539063490298,0.32944730473917894
914,0.5233904830708779,0.2857142857142857,0.05965708746229142,-0.7440280139957138
915,0.3197150606482206,0.42857142857142855,0.054520359477686124,-1.6482911278237284
916,0.4895380096490316,0.5357142857142857,0.06736709160279769,-0.889576495571504
917,0.32350847546124856,0.17857142857142858,0.041286977563915826,-2.0776736761976315
918,0.3308942891472931,-0.07142857142857142,0.07451002221935833,-1.7286796950705043
919,0.7296015585868929,0.8571428571428571,0.026051341887519595,0.00627161475290694
920,0.533840323716447,0.42857142857142855,0.05039396943456504,-0.03968301614460357
921,0.37829450958491245,0.25,0.08527892859818442,-2.1562285933854453
922,0.5382133073923696,0.32142857142857145,0.04381378329911293,-0.03458592360361701
923,0.5793804983938878,0.5,0.07224491118536323,-2.2249466771501942
924,0.43305852862505967,0.5714285714285714,0.027910814842615327,-0.1253119926695716
925,0.5677485476170391,0.39285714285714285,0.04832893428866695,-0.29254535360016876
926,0.0326085633774384,-0.42857142857142855,0.11483962726670167,-5.139249798735865
927,0.22073221778595273,-0.2857142857142857,0.08835373289133255,-5.176634217707062
928,0.609151850997148,0.35714285714285715,0.05628004438283068,-0.8642491908356054
929,0.7637791845188897,0.5714285714285714,0.018245774033324755,0.5814205832079005
930,0.5043858599892046,0.6785714285714286,0.05726543502801006,0.03779988047541849
931,0.6257271574005949,0.5357142857142857,0.04588026451139658,-0.6874415349360152
932,0.644398381612107,0.5714285714285714,0.038477771285499236,0.39346900259329254
933,0.3819115720025948,0.32142857142857145,0.08654834750959486,-2.3632453864260987
934,0.3632822169568929,0.5357142857142857,0.06170036070422236,-2.1418415221815565
935,0.5430444592718418,0.39285714285714285,0.0619059167184026,-1.0312375399530191
936,0.23202116550167598,-0.25,0.07655627066327264,-3.411873008829188
937,0.39782276926595045,-0.07142857142857142,0.059585883255474856,-1.1281731602994522
938,0.9511992993543439,0.9642857142857143,0.016252195359718703,0.8557047590383948
939,0.34140363710820465,0.2857142857142857,0.053169056845178767,-1.7032529217881787
940,0.2700681537220212,0.10714285714285714,0.057119594193061736,-1.6267829106666012
941,0.4375606584920571,0.4642857142857143,0.027029646005670892,0.15795247653261113
942,0.5752965403335709,0.35714285714285715,0.0642693515487777,-0.8368474457106552
943,0.5177950271927769,0.4642857142857143,0.05627125733136513,-0.521517187344134
944,0.43721634503637197,0.17857142857142858,0.08645735508688691,-2.4963015339494423
945,0.6143884103006103,0.5357142857142857,0.052747497735292116,-0.8552771279010312
946,0.5550788271776537,0.5357142857142857,0.055438932413090024,-0.7001539901773068
947,0.08637144484238225,-0.25,0.07622098551368195,-1.551380637272508
948,0.48913807672118076,0.39285714285714285,0.032918349708985446,0.2334754269016407
949,0.31183499227148764,0.03571428571428571,0.0752297777942363,-2.2578337519828398
950,0.5278650013687983,0.6785714285714286,0.04271121032540981,-0.60224187088773
951,0.6454899317303648,0.4642857142857143,0.05509451623203603,-0.32236885323239206
952,0.7910226323498696,0.6071428571428571,0.02971713640966699,0.3873832017808636
953,0.43359868908863713,0.5357142857142857,0.030246031703682206,0.16656497237494972
954,0.5667817188487321,0.5,0.06008526455311276,-1.1676244834799325
955,0.060034803339632126,-0.2857142857142857,0.08587639865854116,-2.259042768419118
956,0.4016066014325889,0.5,0.04862108192700678,-0.7876565347101483
957,0.4720985388612541,0.39285714285714285,0.07969377018545175,-1.9205366074024637
958,0.16433744989341567,-0.07142857142857142,0.11708572884602153,-9.243234427140747
959,0.6723468649403285,0.6071428571428571,0.033230331546933715,0.43567193432590756
960,0.33391744421076325,0.14285714285714285,0.08189155410325015,-1.0855456113187207
961,0.6857447755119124,0.6071428571428571,0.04863872899459777,-0.31233339546307626
962,0.5940724065396666,0.4642857142857143,0.060240604862277544,-1.5513513516751178
963,0.525281502643377,0.42857142857142855,0.0480413584938976,-0.3916382153303448
964,0.4612762937976401,0.32142857142857145,0.028673932037084127,0.20060133218189402
965,0.7341743327365857,0.6071428571428571,0.03954841692269606,0.3101920942856182
966,0.5442111834849125,0.6071428571428571,0.039963083419397104,0.2818778254466583
967,0.6230176133324677,0.5357142857142857,0.05023036994600405,-0.898232455847269
968,0.27692945839221744,-0.03571428571428571,0.08599482537058989,-2.9777622353959154
969,0.3369166202803797,0.0,0.07239732715134928,-1.7850653314790876
970,0.3192898421926951,0.35714285714285715,0.035760745486083975,-0.5878352625745837
971,0.4598881262298338,0.25,0.03152445133538579,0.19816371456772996
972,0.5986187246868586,0.39285714285714285,0.05286120965059187,-1.08175724008562
973,0.896829339150121,0.8571428571428571,0.014748094251293847,0.7890569168023448
974,0.2697238727700099,0.14285714285714285,0.0874378949767587,-5.130466667788951
975,0.36529431056479217,0.07142857142857142,0.09028591720543251,-3.4485426512615325
976,0.2500252041394054,0.4642857142857143,0.03186788406505559,-0.0014472258726663245
977,0.977199894274227,1.0,0.009509448336748673,0.9363839973385073
978,0.47185470428427734,0.07142857142857142,0.05889577981355328,-0.7672162776552105
979,0.6975967422758498,0.5,0.03463358471467729,-0.5079447503662815
980,0.6258832366346408,0.5,0.0574150025595311,-1.3552110106545099
981,0.6319142928985458,0.21428571428571427,0.026633710055477152,0.32696580376524553
982,0.37961943185439073,0.14285714285714285,0.0769632001283,-1.9790260652226976
983,0.4916362213075428,0.5357142857142857,0.035496929209917295,0.2051607345738663
984,0.6353541633906915,0.5714285714285714,0.022513855698683194,-0.05228337252218829
985,0.6455217896824863,0.6071428571428571,0.05307794329264897,-0.7089002875053598
986,0.33487526567949444,0.42857142857142855,0.06379229100294911,-0.882681312376806
987,0.6451948453687684,0.4642857142857143,0.05126609034043634,-0.6080573533382085
988,0.4129219835653722,0.21428571428571427,0.05031055157677554,-1.190035446587555
989,0.4898669551269435,0.39285714285714285,0.06156580849517988,-0.210540350025332
990,0.5239160339015604,0.4642857142857143,0.05695530850555571,-0.5156391020582571
991,0.4918372077763824,0.32142857142857145,0.05193711207037521,-0.026949926414335357
992,0.16498098426205232,-0.03571428571428571,0.08012563907092021,-2.414757420009585
993,0.715948992001211,0.5714285714285714,0.03696197570403535,-0.3858405768273643
994,0.5136295934317112,0.5,0.055095412697970456,-1.061118419895315
995,0.18621193656892351,-0.07142857142857142,0.06189736805168356,-1.787520784042281
996,0.37381471538316463,0.0,0.07620195521884547,-0.73983901945295
997,0.16615518519029435,-0.21428571428571427,0.07987622162789638,-2.305524585282396
998,0.6015843429830952,0.6071428571428571,0.043624284622796064,0.23966566225123886
999,0.35225937492278286,0.0,0.09127205871192068,-3.3893246733655333
1000,0.7290977754480834,0.4642857142857143,0.034584123191763586,0.28175246215233485
