family,condition,replicate,experiment_id,math500_pct,gpqa_diamond_pct,ifeval_ood_pct,macro_pct,predictions,capped_outputs,capped_pct,empty_parsed_outputs,empty_parsed_pct,validation
temperature,p=0.5,1,01KXQ42DGCEHGED8NQKK19VXW0,95.200000,59.595960,39.000000,64.598653,998,18,1.803607,14,1.402806,valid
temperature,p=0.75,1,01KXQ42NH7CTQATBYMWHF0NM0R,94.600000,59.090909,40.000000,64.563636,998,20,2.004008,14,1.402806,valid
temperature,p=1.5,1,01KXQ42X2X15PW5FR0R6YGGWZA,94.000000,63.636364,38.666667,65.434343,998,10,1.002004,7,0.701403,valid
temperature,p=2.0,1,01KXQ434WEJWDQ02A3H1X9XPBX,64.200000,55.555556,28.333333,49.362963,998,83,8.316633,253,25.350701,valid
temperature,p=0.5,2,01KXQ43EHVAQFQ13J63NWYQCQV,95.000000,59.090909,39.666667,64.585859,998,22,2.204409,17,1.703407,valid
temperature,p=0.75,2,01KXQ43PMXDFWRN9T619492D40,95.000000,61.111111,40.333333,65.481481,998,24,2.404810,16,1.603206,valid
temperature,p=1.5,2,01KXQ43YY4R5AD8KAMRWBTQVJ3,94.600000,63.636364,37.666667,65.301010,998,16,1.603206,11,1.102204,valid
temperature,p=2.0,2,01KXQ446XS228H81V4ZMT16Y2N,67.200000,59.090909,27.000000,51.096970,998,75,7.515030,242,24.248497,valid
temperature,p=0.5,3,01KXQ44FW8FDPDZE63VY86WDJB,95.800000,60.101010,39.333333,65.078114,998,24,2.404810,15,1.503006,valid
temperature,p=0.75,3,01KXQ44SVT8HZ4EDKRTQYMJJNJ,95.000000,63.636364,39.333333,65.989899,998,19,1.903808,10,1.002004,valid
temperature,p=1.5,3,01KXQ4528S49E0ZYTAYMPCNR1Q,94.600000,66.161616,36.666667,65.809428,998,17,1.703407,12,1.202405,valid
temperature,p=2.0,3,01KXQ45AESFPZJWZ80V3430NP4,64.800000,58.585859,26.666667,50.017508,998,87,8.717435,261,26.152305,valid
temperature,p=1.0 sanity,1,01KXQ45JVEASADZSAN4022N9DR,95.400000,63.636364,39.000000,66.012121,998,17,1.703407,8,0.801603,valid
rank_profile,fixed rank profile,1,01KXQ45VVWBPMWB6ZQEDGAXA5B,93.800000,58.585859,34.333333,62.239731,998,90,9.018036,67,6.713427,valid
rank_profile,fixed rank profile,2,01KXQ464ASNXK6WA4H3EBZ3EYD,94.200000,59.090909,34.000000,62.430303,998,97,9.719439,69,6.913828,valid
rank_profile,fixed rank profile,3,01KXQ46DPMV1G1YPERYB9PGVM8,93.200000,60.606061,34.666667,62.824242,998,89,8.917836,64,6.412826,valid
adaptive_mass,tau=0.50,1,01KXQ46QQEHWQCJGYFX63AT6EN,38.600000,34.343434,3.000000,25.314478,998,241,24.148297,591,59.218437,valid
adaptive_mass,tau=0.50,2,01KXQ4705B1EZ04TQG750RYF7G,39.600000,36.868687,3.333333,26.600673,998,237,23.747495,581,58.216433,valid
adaptive_mass,tau=0.50,3,01KXQ47BDDN5ZNFZSSARX087ZH,35.600000,33.838384,3.666667,24.368350,998,255,25.551102,599,60.020040,valid
adaptive_mass,tau=0.60,1,01KXQ47KRQJA5Q5D8Y0924YC32,84.800000,54.545455,21.666667,53.670707,998,66,6.613226,175,17.535070,valid
adaptive_mass,tau=0.60,2,01KXQ47VSXN1HVZGNMME45QS5M,85.400000,53.535354,22.666667,53.867340,998,73,7.314629,186,18.637275,valid
adaptive_mass,tau=0.60,3,01KXQ48443ZK3W0WZB6XRPZ165,82.400000,53.535354,17.333333,51.089562,998,75,7.515030,196,19.639279,valid
adaptive_mass,tau=0.70,1,01KXQ48GEZWP2YQ0JMCBJFMA24,95.800000,60.101010,32.666667,62.855892,998,22,2.204409,33,3.306613,valid
adaptive_mass,tau=0.70,2,01KXQ48SD3VYHE9WF3E91B14YQ,95.000000,64.646465,33.000000,64.215488,998,29,2.905812,37,3.707415,valid
adaptive_mass,tau=0.70,3,01KXQ492413VQ8RAK30XR0425Q,95.000000,58.080808,30.333333,61.138047,998,25,2.505010,44,4.408818,valid
adaptive_mass,tau=0.80,1,01KXQ49AGW00J086PKGM6RPVBW,95.400000,63.131313,36.000000,64.843771,998,18,1.803607,12,1.202405,valid
adaptive_mass,tau=0.80,2,01KXQ49JFB0YDSH3VS7V6DJB4H,96.000000,62.626263,34.666667,64.430976,998,13,1.302605,11,1.102204,valid
adaptive_mass,tau=0.80,3,01KXQ49TY39PX1J0RKGQW0GRFC,95.200000,60.101010,35.333333,63.544781,998,20,2.004008,9,0.901804,valid
adaptive_mass,tau=0.90,1,01KXQ4A35E0TYGNX0CB9AYAPTV,95.000000,62.626263,43.666667,67.097643,998,21,2.104208,13,1.302605,valid
adaptive_mass,tau=0.90,2,01KXQ4AB4FB909R7PD2F5W9QFM,95.600000,62.121212,40.000000,65.907071,998,14,1.402806,9,0.901804,valid
adaptive_mass,tau=0.90,3,01KXQ4AKYAGDX7SERVXVZ9NT0P,95.400000,61.616162,36.666667,64.560943,998,17,1.703407,12,1.202405,valid
reference_scaled,K=4,1,01KXQ4AWF0AA8K79QQ1X5M47E4,94.400000,59.595960,37.333333,63.776431,998,27,2.705411,14,1.402806,valid
reference_scaled,K=6,1,01KXQ4B5GQH6C0J0008NQRH74B,95.400000,62.121212,37.000000,64.840404,998,13,1.302605,5,0.501002,valid
reference_scaled,K=12,1,01KXQ4BDYY4W3A4A6PNS1SVHMB,95.200000,57.070707,41.000000,64.423569,998,15,1.503006,8,0.801603,valid
reference_scaled,K=4,2,01KXQ4BPFTRA5KBFXN1CRV30BR,95.000000,61.616162,34.666667,63.760943,998,30,3.006012,13,1.302605,valid
reference_scaled,K=6,2,01KXQ4BYH6Y69B01FX8W813TCV,94.600000,59.595960,39.333333,64.509764,998,22,2.204409,10,1.002004,valid
reference_scaled,K=12,2,01KXQ4C6W9YZNF6RZY72HYP5C4,94.000000,58.080808,40.000000,64.026936,998,23,2.304609,14,1.402806,valid
reference_scaled,K=4,3,01KXQ4CESR2K42NX166TKMJXCH,95.200000,61.111111,38.333333,64.881481,998,29,2.905812,12,1.202405,valid
reference_scaled,K=6,3,01KXQ4CPPX0ND1EFA7H5Y6QY9N,95.400000,60.606061,39.000000,65.002020,998,15,1.503006,7,0.701403,valid
reference_scaled,K=12,3,01KXQ4CYSACXYQV1PZE2Z4ABRJ,95.000000,63.636364,40.000000,66.212121,998,10,1.002004,5,0.501002,valid
