run,mode,k,replicate_count,complete,mean,sample_stddev,min,max,empty_outputs
k4-reference-k8,normalized,2,3,True,0.002,0.0034641016151377548,0.0,0.006,0
k4-reference-k8,normalized,3,3,True,0.38066666666666665,0.009018499505645797,0.372,0.39,0
k4-reference-k8,normalized,4,3,True,0.694,0.011999999999999955,0.682,0.706,0
k4-reference-k8,normalized,5,3,True,0.79,0.011135528725660053,0.78,0.802,0
k4-reference-k8,normalized,6,3,True,0.8073333333333333,0.0011547005383792525,0.806,0.808,0
k4-reference-k8,normalized,7,3,True,0.8106666666666666,0.005033222956847112,0.806,0.816,0
k4-reference-k8,normalized,8,3,True,0.8266666666666667,0.016289055630494105,0.808,0.838,0
k4-reference-k8,normalized,9,3,True,0.8026666666666666,0.00986576572463244,0.796,0.814,0
k4-reference-k8,normalized,10,3,True,0.8180000000000001,0.012165525060596385,0.81,0.832,0
k4-reference-k8,normalized,11,3,True,0.8026666666666666,0.013613718571108041,0.792,0.818,0
k4-reference-k8,normalized,12,3,True,0.8053333333333333,0.014189197769195139,0.79,0.818,0
k4-reference-k8,reference,2,3,True,0.542,0.03078960863668127,0.516,0.576,0
k4-reference-k8,reference,3,3,True,0.766,0.010583005244258372,0.754,0.774,0
k4-reference-k8,reference,4,3,True,0.8133333333333334,0.0030550504633038355,0.81,0.816,0
k4-reference-k8,reference,5,3,True,0.826,0.01216552506059645,0.818,0.84,0
k4-reference-k8,reference,6,3,True,0.8253333333333333,0.0061101009266077925,0.82,0.832,0
k4-reference-k8,reference,7,3,True,0.8160000000000001,0.008717797887081291,0.81,0.826,0
k4-reference-k8,reference,8,3,True,0.8266666666666667,0.016289055630494105,0.808,0.838,0
k4-reference-k8,reference,9,3,True,0.8193333333333334,0.012220201853215524,0.806,0.83,0
k4-reference-k8,reference,10,3,True,0.812,0.012165525060596385,0.804,0.826,0
k4-reference-k8,reference,11,3,True,0.8153333333333334,0.006429100507328579,0.808,0.82,0
k4-reference-k8,reference,12,3,True,0.8193333333333332,0.00461880215351701,0.814,0.822,0
k6-reference-k8,normalized,2,3,True,0.0006666666666666666,0.0011547005383792516,0.0,0.002,0
k6-reference-k8,normalized,3,3,True,0.32066666666666666,0.023860706890897698,0.304,0.348,0
k6-reference-k8,normalized,4,3,True,0.6646666666666667,0.015011106998930284,0.65,0.68,0
k6-reference-k8,normalized,5,3,True,0.7493333333333333,0.0041633319989322695,0.746,0.754,0
k6-reference-k8,normalized,6,3,True,0.7813333333333333,0.011015141094572214,0.774,0.794,0
k6-reference-k8,normalized,7,3,True,0.8013333333333333,0.005033222956847171,0.796,0.806,0
k6-reference-k8,normalized,8,3,True,0.794,0.01587450786638756,0.776,0.806,0
k6-reference-k8,normalized,9,3,True,0.8106666666666666,0.016165807537309472,0.792,0.82,0
k6-reference-k8,normalized,10,3,True,0.8046666666666666,0.014468356276140447,0.788,0.814,0
k6-reference-k8,normalized,11,3,True,0.8,0.011135528725660053,0.79,0.812,0
k6-reference-k8,normalized,12,3,True,0.7886666666666667,0.0041633319989322695,0.784,0.792,0
k6-reference-k8,reference,2,3,True,0.48866666666666664,0.014468356276140484,0.472,0.498,0
k6-reference-k8,reference,3,3,True,0.7353333333333333,0.019218047073866117,0.718,0.756,0
k6-reference-k8,reference,4,3,True,0.7846666666666667,0.01171893055416464,0.776,0.798,0
k6-reference-k8,reference,5,3,True,0.8113333333333334,0.008082903768654703,0.802,0.816,0
k6-reference-k8,reference,6,3,True,0.802,0.007211102550927985,0.796,0.81,0
k6-reference-k8,reference,7,3,True,0.79,0.006928203230275516,0.782,0.794,0
k6-reference-k8,reference,8,3,True,0.794,0.01587450786638756,0.776,0.806,0
k6-reference-k8,reference,9,3,True,0.8046666666666668,0.0030550504633038962,0.802,0.808,0
k6-reference-k8,reference,10,3,True,0.8073333333333333,0.01101514109457215,0.8,0.82,0
k6-reference-k8,reference,11,3,True,0.816,0.0072111025509279236,0.808,0.822,0
k6-reference-k8,reference,12,3,True,0.8153333333333332,0.0011547005383792525,0.814,0.816,0
k8-normalized,normalized,2,3,True,0.0013333333333333333,0.0011547005383792516,0.0,0.002,0
k8-normalized,normalized,3,3,True,0.344,0.013999999999999985,0.33,0.358,0
k8-normalized,normalized,4,3,True,0.7153333333333333,0.0030550504633038962,0.712,0.718,0
k8-normalized,normalized,5,3,True,0.824,0.0040000000000000036,0.82,0.828,0
k8-normalized,normalized,6,3,True,0.8286666666666667,0.013316656236958798,0.82,0.844,0
k8-normalized,normalized,7,3,True,0.8413333333333333,0.0041633319989322695,0.838,0.846,0
k8-normalized,normalized,8,3,True,0.8406666666666667,0.0041633319989322695,0.836,0.844,0
k8-normalized,normalized,9,3,True,0.838,0.012489995996796807,0.828,0.852,0
k8-normalized,normalized,10,3,True,0.838,0.010583005244258372,0.826,0.846,0
k8-normalized,normalized,11,3,True,0.8253333333333333,0.00461880215351701,0.82,0.828,0
k8-normalized,normalized,12,3,True,0.8353333333333333,0.0030550504633038962,0.832,0.838,0
k8-normalized,reference,2,3,True,0.478,0.015620499351813305,0.468,0.496,0
k8-normalized,reference,3,3,True,0.7366666666666667,0.0011547005383792525,0.736,0.738,0
k8-normalized,reference,4,3,True,0.8093333333333333,0.017243356208503372,0.794,0.828,0
k8-normalized,reference,5,3,True,0.832,0.003464101615137758,0.83,0.836,0
k8-normalized,reference,6,3,True,0.8293333333333333,0.007571877794400371,0.824,0.838,0
k8-normalized,reference,7,3,True,0.832,0.010392304845413272,0.82,0.838,0
k8-normalized,reference,8,3,True,0.8406666666666667,0.0041633319989322695,0.836,0.844,0
k8-normalized,reference,9,3,True,0.8313333333333333,0.002309401076758505,0.83,0.834,0
k8-normalized,reference,10,3,True,0.846,0.006928203230275516,0.842,0.854,0
k8-normalized,reference,11,3,True,0.836,0.011135528725660053,0.826,0.848,0
k8-normalized,reference,12,3,True,0.8213333333333332,0.0011547005383792525,0.82,0.822,0
