eval,eval_label,coefficient_median,coefficient_low,coefficient_high,ridge_alpha
ARC,ARC,-0.02277233831746893,-0.09300158831123877,0.05130040059799767,0.01
MMLU-STEM,MMLU-STEM,0.00029922798929103153,-0.043678672727067144,0.046091947008996666,0.01
MedMCQA,MedMCQA,-0.0010352896807267887,-0.115968418460022,0.12854132993315426,0.01
MedQA,MedQA,0.011020278025650938,-0.07373703251722369,0.09325548253300812,0.01
SciQ,SciQ,-0.0013404682356126323,-0.1067882518399809,0.10565091341172533,0.01
LitSearch-rerank,LitSearch-rerank,0.02990131431793354,-0.04136052118889483,0.08805507308856644,0.01
IFEval,IFEval,0.023632568345756985,-0.016744225500971946,0.06619583137185805,0.01
MMLU,MMLU,-0.004605376751752882,-0.035090059221620284,0.03196699027148618,0.01
MATH-500,MATH-500,0.001353977744011204,-0.06667533211933681,0.058261940329972305,0.01
